Record_ID,Date,Time,Location,Latitude,Longitude,Rainfall_mm,Water_Level_m,River_Flow_m3s,Soil_Moisture_pct,Temperature_C,Humidity_pct,Wind_Speed_kmh,Drainage_Capacity_pct,Population_Affected,Flood_Risk_Score,Risk_Level,Alert_Status
FLD-0001,2026-06-01,00:00,Chinsurah,22.89082,88.41003,15.0,1.87,716.8,47.8,32.6,68.6,18.8,87.0,168,9.4,Low,Normal
FLD-0002,2026-06-01,06:00,Barasat,22.71624,88.47923,3.3,2.14,446.8,37.2,29.2,86.5,27.9,85.6,165,9.6,Low,Normal
FLD-0003,2026-06-01,12:00,Barrackpore,22.76536,88.36801,9.0,2.06,667.4,56.8,21.2,65.7,7.8,98.0,156,14.8,Low,Normal
FLD-0004,2026-06-01,18:00,Chinsurah,22.88779,88.41591,33.0,2.48,953.3,39.5,30.4,81.6,13.6,82.5,329,12.2,Low,Normal
FLD-0005,2026-06-02,00:00,Hooghly,22.89768,88.38996,16.6,2.15,545.9,46.8,30.0,72.8,8.0,93.8,21,10.6,Low,Normal
FLD-0006,2026-06-02,06:00,Kalyani,22.96781,88.44084,15.3,1.57,743.0,57.0,28.2,64.9,13.6,80.3,471,13.4,Low,Normal
FLD-0007,2026-06-02,12:00,Barrackpore,22.77779,88.3749,8.1,3.03,438.5,37.4,26.3,92.1,15.2,84.8,263,11.7,Low,Normal
FLD-0008,2026-06-02,18:00,Barrackpore,22.76621,88.36629,26.5,2.61,856.7,49.5,27.8,75.0,17.9,83.3,302,3.7,Low,Normal
FLD-0009,2026-06-03,00:00,Chinsurah,22.8898,88.39527,13.6,1.84,613.6,48.7,33.7,75.5,9.8,97.9,389,15.6,Low,Normal
FLD-0010,2026-06-03,06:00,Howrah,22.59708,88.25995,23.1,2.39,771.2,44.0,26.1,77.1,1.8,83.2,262,15.2,Low,Normal
FLD-0011,2026-06-03,12:00,Hooghly,22.90033,88.40378,7.4,1.63,466.2,45.9,23.4,75.6,8.1,75.7,211,4.2,Low,Normal
FLD-0012,2026-06-03,18:00,Chinsurah,22.89267,88.40786,55.2,2.56,1177.8,60.0,24.3,90.4,14.9,95.1,464,27.4,Low,Normal
FLD-0013,2026-06-04,00:00,Hooghly,22.90469,88.39,37.2,1.98,918.9,49.2,28.9,86.7,11.9,84.5,163,15.8,Low,Normal
FLD-0014,2026-06-04,06:00,Hooghly,22.90555,88.39297,16.5,2.2,759.4,53.7,34.3,66.5,13.1,89.8,135,9.3,Low,Normal
FLD-0015,2026-06-04,12:00,Kalyani,22.97182,88.43904,69.4,2.37,1641.9,61.6,36.1,90.3,15.9,69.3,251,30.2,Moderate,Normal
FLD-0016,2026-06-04,18:00,Barrackpore,22.76255,88.37028,9.1,2.26,705.0,42.7,31.1,67.6,3.9,88.4,204,11.4,Low,Normal
FLD-0017,2026-06-05,00:00,Barasat,22.71935,88.47957,24.5,2.56,686.6,57.8,25.9,75.7,16.4,84.9,343,15.6,Low,Normal
FLD-0018,2026-06-05,06:00,Kalyani,22.96119,88.4318,1.3,1.73,370.6,40.1,26.2,61.9,28.8,82.0,301,3.0,Low,Normal
FLD-0019,2026-06-05,12:00,Kalyani,22.96591,88.43165,43.6,2.64,1250.7,59.7,31.8,81.9,7.3,86.3,241,19.1,Low,Normal
FLD-0020,2026-06-05,18:00,Hooghly,22.9092,88.39047,23.5,2.0,715.8,44.6,33.3,71.3,18.1,74.7,319,16.5,Low,Normal
FLD-0021,2026-06-06,00:00,Serampore,22.76267,88.34999,6.1,2.26,411.9,44.0,26.9,64.3,10.2,81.4,414,5.6,Low,Normal
FLD-0022,2026-06-06,06:00,Barrackpore,22.76451,88.36507,42.9,2.33,1092.3,52.4,33.6,82.9,12.8,89.7,278,16.3,Low,Normal
FLD-0023,2026-06-06,12:00,Howrah,22.59926,88.2709,52.1,2.97,1242.8,57.8,28.3,85.2,17.0,76.9,60,27.3,Low,Normal
FLD-0024,2026-06-06,18:00,Kalyani,22.97687,88.44313,20.0,1.63,764.0,32.1,31.3,83.5,11.8,82.4,464,15.8,Low,Normal
FLD-0025,2026-06-07,00:00,Barasat,22.73947,88.48699,7.5,1.75,307.2,49.7,32.7,61.8,7.0,87.6,305,8.2,Low,Normal
FLD-0026,2026-06-07,06:00,Serampore,22.75952,88.33771,59.3,2.4,1581.9,56.1,24.3,86.6,12.2,78.1,301,27.8,Low,Normal
FLD-0027,2026-06-07,12:00,Serampore,22.75203,88.34272,22.2,2.37,652.8,51.4,30.4,71.2,4.7,89.3,471,15.2,Low,Normal
FLD-0028,2026-06-07,18:00,Howrah,22.59007,88.26345,18.8,2.45,477.6,52.3,33.6,87.5,2.7,86.6,298,19.6,Low,Normal
FLD-0029,2026-06-08,00:00,Kalyani,22.96536,88.42858,6.1,2.18,459.4,49.0,27.2,76.7,23.9,78.2,393,20.2,Low,Normal
FLD-0030,2026-06-08,06:00,Barasat,22.72222,88.48295,21.9,2.11,705.9,35.3,25.6,75.1,13.3,80.7,94,10.4,Low,Normal
FLD-0031,2026-06-08,12:00,Barrackpore,22.76146,88.35993,32.8,1.46,922.1,44.1,30.6,74.0,15.3,78.7,492,12.3,Low,Normal
FLD-0032,2026-06-08,18:00,Kolkata,22.56407,88.37103,4.8,2.08,468.3,48.3,29.4,72.2,11.3,84.6,147,11.3,Low,Normal
FLD-0033,2026-06-09,00:00,Barasat,22.71712,88.47821,5.4,2.35,512.1,47.5,28.0,67.6,2.2,88.0,399,13.6,Low,Normal
FLD-0034,2026-06-09,06:00,Howrah,22.58931,88.26481,8.8,3.06,677.0,41.2,29.0,65.1,22.8,88.7,461,15.5,Low,Normal
FLD-0035,2026-06-09,12:00,Serampore,22.76292,88.342,12.6,2.02,508.6,52.7,23.7,70.2,7.0,72.1,258,10.9,Low,Normal
FLD-0036,2026-06-09,18:00,Barrackpore,22.77129,88.36545,27.0,2.13,913.1,48.6,30.3,82.0,8.1,90.6,29,15.1,Low,Normal
FLD-0037,2026-06-10,00:00,Barasat,22.72095,88.48452,32.5,2.55,1006.4,57.7,34.1,64.2,21.1,83.2,17,28.8,Low,Normal
FLD-0038,2026-06-10,06:00,Kolkata,22.58148,88.36105,7.2,2.01,216.0,54.9,26.7,81.8,4.6,80.3,186,13.5,Low,Normal
FLD-0039,2026-06-10,12:00,Kolkata,22.57306,88.36913,17.4,2.68,580.6,50.4,26.3,74.1,7.6,91.4,453,7.9,Low,Normal
FLD-0040,2026-06-10,18:00,Hooghly,22.89583,88.38792,31.6,2.14,790.9,55.2,29.6,79.4,7.2,71.3,211,16.6,Low,Normal
FLD-0041,2026-06-11,00:00,Hooghly,22.91014,88.39676,57.2,2.68,1424.8,52.2,38.1,81.3,4.5,71.1,34,25.9,Low,Normal
FLD-0042,2026-06-11,06:00,Chinsurah,22.89723,88.41963,17.4,2.54,696.5,54.7,32.5,79.5,10.3,98.0,146,15.1,Low,Normal
FLD-0043,2026-06-11,12:00,Howrah,22.58958,88.2576,48.1,2.75,1252.4,56.2,28.7,75.0,5.1,82.6,281,23.3,Low,Normal
FLD-0044,2026-06-11,18:00,Kalyani,22.97386,88.42993,20.1,2.67,681.8,47.0,29.1,73.6,23.5,81.0,34,17.8,Low,Normal
FLD-0045,2026-06-12,00:00,Barasat,22.71575,88.48408,11.6,2.0,538.4,38.8,32.8,79.0,2.5,87.1,75,12.0,Low,Normal
FLD-0046,2026-06-12,06:00,Barasat,22.7127,88.48208,16.4,2.66,642.3,44.9,26.1,65.7,3.4,84.8,71,15.6,Low,Normal
FLD-0047,2026-06-12,12:00,Kalyani,22.98056,88.4361,1.8,1.44,342.1,37.6,31.0,63.7,7.5,88.0,248,7.7,Low,Normal
FLD-0048,2026-06-12,18:00,Chinsurah,22.90546,88.41094,9.2,1.55,592.6,52.2,25.4,69.3,9.5,89.7,56,2.5,Low,Normal
FLD-0049,2026-06-13,00:00,Serampore,22.74441,88.34411,21.6,2.74,632.4,57.9,32.0,75.3,5.7,84.0,356,17.5,Low,Normal
FLD-0050,2026-06-13,06:00,Serampore,22.75618,88.34696,6.8,2.09,395.1,52.8,28.1,85.9,16.0,89.2,304,13.8,Low,Normal
FLD-0051,2026-06-13,12:00,Chinsurah,22.8901,88.41046,24.3,2.65,799.1,67.3,29.6,73.8,8.4,83.9,9,21.3,Low,Normal
FLD-0052,2026-06-13,18:00,Serampore,22.74988,88.33885,77.9,3.07,1714.5,57.3,27.9,90.7,13.8,73.0,212,30.1,Moderate,Normal
FLD-0053,2026-06-14,00:00,Hooghly,22.89745,88.40004,26.7,2.35,719.6,54.5,31.2,77.2,22.4,77.9,496,15.4,Low,Normal
FLD-0054,2026-06-14,06:00,Barasat,22.71582,88.4924,26.6,1.89,882.7,42.1,28.4,70.4,27.3,92.5,360,8.2,Low,Normal
FLD-0055,2026-06-14,12:00,Chinsurah,22.89429,88.4072,57.9,2.76,1334.8,55.2,35.9,83.5,7.7,84.4,236,29.3,Low,Normal
FLD-0056,2026-06-14,18:00,Barasat,22.71601,88.47515,11.2,2.63,467.7,36.9,33.5,71.0,10.3,92.8,233,4.2,Low,Normal
FLD-0057,2026-06-15,00:00,Kalyani,22.97662,88.44064,150.7,4.03,3044.6,79.1,24.8,82.8,11.8,68.4,1639,48.9,Moderate,Watch
FLD-0058,2026-06-15,06:00,Kolkata,22.5723,88.36318,40.8,2.78,994.9,50.7,29.6,65.1,7.9,84.1,222,21.9,Low,Normal
FLD-0059,2026-06-15,12:00,Hooghly,22.89957,88.38296,37.4,2.73,1019.2,38.1,31.4,63.7,4.3,82.1,103,19.8,Low,Normal
FLD-0060,2026-06-15,18:00,Barrackpore,22.76055,88.37208,79.0,2.7,1736.8,56.0,27.5,80.6,18.9,84.7,326,22.4,Low,Normal
FLD-0061,2026-06-16,00:00,Hooghly,22.89754,88.39279,19.3,2.56,646.6,61.4,32.9,80.9,4.3,83.4,97,20.9,Low,Normal
FLD-0062,2026-06-16,06:00,Chinsurah,22.89853,88.40746,40.1,2.42,1020.4,55.9,32.5,88.0,20.1,76.9,225,22.4,Low,Normal
FLD-0063,2026-06-16,12:00,Barrackpore,22.76901,88.36899,71.4,2.86,1734.8,64.7,28.7,70.6,13.1,81.8,1560,31.6,Moderate,Watch
FLD-0064,2026-06-16,18:00,Kolkata,22.56673,88.36504,23.1,3.04,802.3,50.5,32.1,83.6,11.5,84.1,323,20.7,Low,Normal
FLD-0065,2026-06-17,00:00,Chinsurah,22.8946,88.41226,15.6,2.42,459.5,46.8,21.3,82.1,5.4,87.5,488,15.7,Low,Normal
FLD-0066,2026-06-17,06:00,Howrah,22.60031,88.26099,25.1,2.11,889.3,50.1,33.3,70.1,1.6,89.0,477,16.0,Low,Normal
FLD-0067,2026-06-17,12:00,Barasat,22.71098,88.48408,17.2,2.25,711.1,50.2,31.8,82.7,18.6,82.3,472,17.1,Low,Normal
FLD-0068,2026-06-17,18:00,Kolkata,22.57586,88.36234,12.0,2.17,612.6,39.7,25.5,79.3,5.3,85.1,333,12.6,Low,Normal
FLD-0069,2026-06-18,00:00,Barasat,22.71702,88.48543,27.5,2.96,933.8,55.8,29.8,81.6,13.7,82.6,279,21.4,Low,Normal
FLD-0070,2026-06-18,06:00,Serampore,22.75622,88.34399,9.9,2.15,530.3,54.8,22.5,87.8,14.2,94.4,42,12.8,Low,Normal
FLD-0071,2026-06-18,12:00,Howrah,22.59122,88.25799,22.7,3.08,821.4,48.2,26.6,81.1,9.6,85.1,350,20.9,Low,Normal
FLD-0072,2026-06-18,18:00,Howrah,22.58497,88.27012,3.4,1.59,365.0,42.0,32.5,57.2,11.6,88.5,381,8.1,Low,Normal
FLD-0073,2026-06-19,00:00,Kolkata,22.56283,88.36068,44.9,2.59,1242.4,48.8,29.0,76.9,13.0,75.2,422,29.8,Low,Normal
FLD-0074,2026-06-19,06:00,Howrah,22.59609,88.26845,7.7,1.84,510.6,58.9,28.8,61.5,10.9,91.4,347,12.0,Low,Normal
FLD-0075,2026-06-19,12:00,Barrackpore,22.76756,88.3692,4.2,1.88,288.1,42.7,29.1,73.3,4.9,90.0,152,9.1,Low,Normal
FLD-0076,2026-06-19,18:00,Howrah,22.59037,88.27463,36.5,2.32,1110.8,56.9,28.8,74.8,2.6,78.2,338,24.8,Low,Normal
FLD-0077,2026-06-20,00:00,Barasat,22.72483,88.47966,86.4,2.9,1891.6,60.9,32.2,73.1,5.7,88.3,420,32.6,Moderate,Watch
FLD-0078,2026-06-20,06:00,Barasat,22.71103,88.4789,100.0,3.94,2123.6,63.3,27.0,70.8,7.2,77.0,303,36.0,Moderate,Watch
FLD-0079,2026-06-20,12:00,Chinsurah,22.8936,88.40788,13.9,2.68,556.3,42.4,30.3,69.1,23.2,82.4,223,11.3,Low,Normal
FLD-0080,2026-06-20,18:00,Barasat,22.71373,88.47918,11.5,2.29,519.2,40.5,25.3,70.3,3.6,86.5,472,18.4,Low,Normal
FLD-0081,2026-06-21,00:00,Chinsurah,22.89009,88.4128,18.3,2.08,702.1,53.8,31.4,72.2,25.3,83.4,118,11.1,Low,Normal
FLD-0082,2026-06-21,06:00,Barasat,22.72128,88.4713,14.5,1.95,512.9,41.0,28.0,73.6,30.6,95.4,213,11.4,Low,Normal
FLD-0083,2026-06-21,12:00,Barrackpore,22.76084,88.36068,13.2,2.44,430.5,50.9,28.9,76.9,5.9,91.9,52,9.5,Low,Normal
FLD-0084,2026-06-21,18:00,Kalyani,22.97269,88.42759,101.8,3.46,2075.5,66.0,27.8,75.9,30.0,77.5,1034,43.7,Moderate,Watch
FLD-0085,2026-06-22,00:00,Chinsurah,22.90004,88.4137,5.3,2.02,482.7,51.3,28.2,81.3,8.6,97.6,438,8.5,Low,Normal
FLD-0086,2026-06-22,06:00,Hooghly,22.89754,88.40626,16.0,2.4,622.5,43.9,25.8,72.7,7.6,79.7,242,14.4,Low,Normal
FLD-0087,2026-06-22,12:00,Serampore,22.75781,88.33967,17.9,2.55,783.0,56.1,30.1,79.5,23.2,90.3,52,16.1,Low,Normal
FLD-0088,2026-06-22,18:00,Kolkata,22.56582,88.36289,8.1,2.05,489.5,45.6,30.8,70.4,11.2,90.2,401,11.8,Low,Normal
FLD-0089,2026-06-23,00:00,Barasat,22.72418,88.48142,9.2,1.85,599.0,65.0,24.7,91.8,10.1,85.4,116,15.2,Low,Normal
FLD-0090,2026-06-23,06:00,Howrah,22.60445,88.27057,17.8,1.78,601.9,37.3,27.1,76.3,5.7,84.3,390,13.2,Low,Normal
FLD-0091,2026-06-23,12:00,Kalyani,22.96017,88.42844,6.8,2.18,429.2,63.4,29.1,83.9,6.1,92.7,446,16.4,Low,Normal
FLD-0092,2026-06-23,18:00,Barasat,22.71622,88.48243,31.0,3.17,909.8,50.3,27.1,69.0,10.3,89.1,330,21.8,Low,Normal
FLD-0093,2026-06-24,00:00,Howrah,22.59926,88.26945,22.1,1.91,733.1,51.0,28.3,70.2,23.2,76.6,41,16.2,Low,Normal
FLD-0094,2026-06-24,06:00,Serampore,22.75158,88.34331,8.0,2.49,470.7,42.4,34.2,70.7,3.6,97.9,394,13.7,Low,Normal
FLD-0095,2026-06-24,12:00,Serampore,22.75503,88.34144,21.3,2.05,646.3,38.3,25.7,90.6,9.0,92.1,246,10.5,Low,Normal
FLD-0096,2026-06-24,18:00,Serampore,22.74918,88.34631,7.0,1.93,316.9,42.7,21.6,70.9,3.0,85.4,392,6.6,Low,Normal
FLD-0097,2026-06-25,00:00,Howrah,22.59632,88.24738,26.7,2.68,894.2,47.8,27.1,67.8,5.4,79.8,290,24.1,Low,Normal
FLD-0098,2026-06-25,06:00,Barasat,22.72007,88.48507,7.2,2.01,532.0,47.7,27.9,81.5,15.0,93.7,247,13.3,Low,Normal
FLD-0099,2026-06-25,12:00,Serampore,22.75981,88.33638,105.3,3.49,2183.3,73.9,27.4,78.7,4.6,77.3,1461,42.6,Moderate,Watch
FLD-0100,2026-06-25,18:00,Barrackpore,22.76753,88.35602,16.8,2.3,690.0,49.7,29.9,71.5,19.5,90.1,86,10.4,Low,Normal
FLD-0101,2026-06-26,00:00,Chinsurah,22.89603,88.41107,40.7,2.31,1066.5,54.6,25.7,70.2,4.6,86.1,352,11.5,Low,Normal
FLD-0102,2026-06-26,06:00,Howrah,22.59333,88.27184,7.7,2.42,598.4,49.2,25.2,75.9,6.2,94.3,448,11.5,Low,Normal
FLD-0103,2026-06-26,12:00,Howrah,22.59287,88.26278,7.4,2.08,351.5,34.2,26.8,79.9,1.8,92.2,83,6.5,Low,Normal
FLD-0104,2026-06-26,18:00,Barasat,22.7184,88.48672,3.6,1.56,403.0,34.1,26.9,77.7,19.5,84.3,260,4.6,Low,Normal
FLD-0105,2026-06-27,00:00,Howrah,22.59817,88.27327,48.9,2.34,1209.0,44.3,35.8,71.6,17.7,78.1,220,23.0,Low,Normal
FLD-0106,2026-06-27,06:00,Howrah,22.59327,88.27149,57.3,1.67,1398.2,53.9,34.0,68.5,3.1,82.7,153,24.4,Low,Normal
FLD-0107,2026-06-27,12:00,Serampore,22.75454,88.35014,31.6,2.44,1071.8,38.2,23.7,45.8,7.7,97.6,50,17.0,Low,Normal
FLD-0108,2026-06-27,18:00,Barasat,22.73345,88.48545,9.3,2.58,504.9,42.0,22.8,65.9,7.2,85.9,37,9.9,Low,Normal
FLD-0109,2026-06-28,00:00,Serampore,22.75803,88.34075,10.0,1.77,605.2,37.4,28.7,70.0,6.7,88.9,258,9.8,Low,Normal
FLD-0110,2026-06-28,06:00,Chinsurah,22.89204,88.39839,14.5,2.4,595.7,51.3,35.1,72.5,30.8,91.5,468,11.7,Low,Normal
FLD-0111,2026-06-28,12:00,Kalyani,22.98221,88.43252,14.8,2.35,723.6,51.0,31.1,71.0,6.6,83.6,186,7.2,Low,Normal
FLD-0112,2026-06-28,18:00,Chinsurah,22.89155,88.40294,24.4,2.06,864.9,47.8,28.9,93.1,4.8,89.6,12,15.0,Low,Normal
FLD-0113,2026-06-29,00:00,Kalyani,22.96277,88.44703,15.8,2.75,600.2,34.9,27.5,76.4,2.0,86.0,222,19.1,Low,Normal
FLD-0114,2026-06-29,06:00,Serampore,22.74675,88.33924,11.1,2.05,508.9,45.6,32.4,64.0,5.0,94.1,464,7.9,Low,Normal
FLD-0115,2026-06-29,12:00,Chinsurah,22.88278,88.40874,84.7,3.83,1923.3,64.2,29.6,81.7,23.1,71.3,146,42.2,Moderate,Watch
FLD-0116,2026-06-29,18:00,Barasat,22.71889,88.48431,6.9,1.52,408.6,52.1,34.5,75.2,11.1,98.0,86,4.4,Low,Normal
FLD-0117,2026-06-30,00:00,Kolkata,22.57271,88.36416,7.7,2.01,507.5,58.8,23.6,65.1,11.1,85.1,258,14.5,Low,Normal
FLD-0118,2026-06-30,06:00,Serampore,22.76286,88.35047,7.0,2.04,440.2,54.2,30.4,74.4,5.3,90.2,180,10.1,Low,Normal
FLD-0119,2026-06-30,12:00,Kalyani,22.97696,88.43026,25.1,2.32,838.5,51.2,27.2,77.2,20.8,84.8,310,22.4,Low,Normal
FLD-0120,2026-06-30,18:00,Barrackpore,22.76469,88.36817,20.8,2.53,709.0,47.2,30.3,80.4,13.8,78.8,172,15.5,Low,Normal
FLD-0121,2026-07-01,00:00,Kalyani,22.97998,88.42955,13.2,3.37,518.9,42.4,29.8,60.4,6.8,91.3,321,14.0,Low,Normal
FLD-0122,2026-07-01,06:00,Barrackpore,22.75273,88.35908,6.7,2.25,580.4,55.8,30.6,76.9,4.3,85.5,194,19.5,Low,Normal
FLD-0123,2026-07-01,12:00,Howrah,22.59721,88.25993,16.7,2.23,675.1,49.5,32.1,82.9,9.0,89.0,339,11.8,Low,Normal
FLD-0124,2026-07-01,18:00,Chinsurah,22.89863,88.40778,27.6,1.98,841.0,54.9,33.4,86.9,4.6,79.6,495,17.6,Low,Normal
FLD-0125,2026-07-02,00:00,Barrackpore,22.75713,88.36442,41.9,1.9,1145.3,49.2,35.2,65.9,8.2,81.0,244,13.9,Low,Normal
FLD-0126,2026-07-02,06:00,Kalyani,22.98186,88.42985,9.0,2.53,344.1,38.1,29.1,71.5,10.4,85.1,427,15.1,Low,Normal
FLD-0127,2026-07-02,12:00,Howrah,22.59783,88.25516,13.2,1.98,796.5,44.8,27.3,72.4,5.5,89.6,328,16.3,Low,Normal
FLD-0128,2026-07-02,18:00,Kolkata,22.57011,88.3634,20.7,3.19,724.9,47.0,25.1,78.0,1.0,87.2,367,16.7,Low,Normal
FLD-0129,2026-07-03,00:00,Barasat,22.7248,88.47197,11.0,2.45,351.5,48.5,30.4,71.5,12.7,85.5,195,15.0,Low,Normal
FLD-0130,2026-07-03,06:00,Barasat,22.73462,88.48556,4.3,2.18,547.0,40.7,31.7,67.2,5.6,85.2,61,12.2,Low,Normal
FLD-0131,2026-07-03,12:00,Barasat,22.72209,88.48149,13.2,2.31,513.3,47.8,24.7,74.3,10.3,88.2,24,13.3,Low,Normal
FLD-0132,2026-07-03,18:00,Barrackpore,22.76749,88.35825,119.2,3.73,2600.2,77.1,32.7,76.8,8.5,73.7,2210,52.1,Moderate,Watch
FLD-0133,2026-07-04,00:00,Kolkata,22.56984,88.36204,46.7,2.38,1203.1,42.6,28.7,78.7,27.5,82.7,49,25.4,Low,Normal
FLD-0134,2026-07-04,06:00,Barrackpore,22.7609,88.36249,11.7,1.54,404.0,32.5,25.0,67.0,9.6,98.0,377,1.0,Low,Normal
FLD-0135,2026-07-04,12:00,Chinsurah,22.89898,88.40992,14.3,2.0,633.5,56.6,26.3,65.7,17.5,89.5,384,16.9,Low,Normal
FLD-0136,2026-07-04,18:00,Barrackpore,22.76086,88.37504,7.9,2.1,510.5,36.3,26.0,81.7,7.1,98.0,294,10.8,Low,Normal
FLD-0137,2026-07-05,00:00,Kolkata,22.57303,88.35265,14.7,1.97,730.4,45.3,26.0,88.8,4.6,85.7,51,13.8,Low,Normal
FLD-0138,2026-07-05,06:00,Kolkata,22.56973,88.36459,35.3,2.02,1037.6,56.3,30.8,86.9,13.1,83.1,331,17.4,Low,Normal
FLD-0139,2026-07-05,12:00,Chinsurah,22.89687,88.40704,31.4,2.16,791.8,50.9,31.8,73.4,5.3,80.9,39,10.1,Low,Normal
FLD-0140,2026-07-05,18:00,Kolkata,22.5746,88.36793,5.6,2.44,551.9,45.6,34.4,79.7,15.5,89.1,231,13.8,Low,Normal
FLD-0141,2026-07-06,00:00,Kalyani,22.98123,88.43528,0.4,2.27,315.9,45.6,26.8,67.2,3.4,86.0,59,10.9,Low,Normal
FLD-0142,2026-07-06,06:00,Kolkata,22.56954,88.35939,13.3,2.24,762.0,65.3,30.1,76.4,12.0,83.5,215,24.6,Low,Normal
FLD-0143,2026-07-06,12:00,Barasat,22.71938,88.47909,11.8,2.36,526.7,59.8,26.9,68.6,9.4,75.1,456,12.9,Low,Normal
FLD-0144,2026-07-06,18:00,Kalyani,22.96913,88.42922,11.2,1.75,530.7,42.4,29.1,81.5,24.1,95.3,365,2.1,Low,Normal
FLD-0145,2026-07-07,00:00,Kalyani,22.97233,88.44046,9.5,1.85,438.0,54.2,24.3,80.4,12.8,84.5,339,6.7,Low,Normal
FLD-0146,2026-07-07,06:00,Chinsurah,22.89626,88.40813,5.5,2.18,399.5,49.6,25.4,86.9,8.6,96.1,196,17.7,Low,Normal
FLD-0147,2026-07-07,12:00,Hooghly,22.90554,88.40741,60.5,2.46,1362.6,57.0,31.6,74.0,16.3,79.6,275,22.3,Low,Normal
FLD-0148,2026-07-07,18:00,Hooghly,22.89547,88.39564,48.8,2.69,1346.8,48.4,24.3,86.0,1.0,85.5,340,28.5,Low,Normal
FLD-0149,2026-07-08,00:00,Kolkata,22.57782,88.35965,10.8,1.7,411.6,50.3,31.0,76.2,13.9,87.0,1,9.5,Low,Normal
FLD-0150,2026-07-08,06:00,Kalyani,22.98313,88.42492,16.6,1.64,728.4,46.2,26.8,73.5,14.8,88.3,468,6.0,Low,Normal
FLD-0151,2026-07-08,12:00,Hooghly,22.90348,88.38518,29.6,2.65,965.3,48.3,22.8,76.1,15.9,78.1,105,27.2,Low,Normal
FLD-0152,2026-07-08,18:00,Hooghly,22.91226,88.3865,16.5,2.58,784.9,42.9,20.9,84.9,15.1,92.9,215,20.4,Low,Normal
FLD-0153,2026-07-09,00:00,Kolkata,22.56796,88.3655,10.1,1.91,536.5,54.0,33.7,71.7,13.5,84.5,264,10.7,Low,Normal
FLD-0154,2026-07-09,06:00,Hooghly,22.89353,88.39905,4.4,1.53,326.1,40.5,22.9,71.7,7.3,93.0,166,8.9,Low,Normal
FLD-0155,2026-07-09,12:00,Barrackpore,22.75533,88.35751,15.1,1.43,605.4,42.7,28.8,58.4,10.6,77.3,246,8.3,Low,Normal
FLD-0156,2026-07-09,18:00,Howrah,22.60478,88.26897,4.9,2.71,498.6,51.4,30.1,71.3,5.9,82.8,413,16.5,Low,Normal
FLD-0157,2026-07-10,00:00,Chinsurah,22.89793,88.4051,33.7,2.49,965.0,50.7,24.8,75.9,4.9,85.9,437,25.4,Low,Normal
FLD-0158,2026-07-10,06:00,Howrah,22.59547,88.26448,14.6,1.98,650.0,47.1,27.2,67.5,7.5,85.1,209,5.1,Low,Normal
FLD-0159,2026-07-10,12:00,Kolkata,22.57428,88.37357,21.9,2.16,880.7,56.6,30.5,66.3,8.3,87.9,57,13.5,Low,Normal
FLD-0160,2026-07-10,18:00,Barasat,22.71425,88.48638,11.5,1.48,615.3,56.5,29.9,59.7,12.4,87.7,427,8.8,Low,Normal
FLD-0161,2026-07-11,00:00,Chinsurah,22.90867,88.40639,26.8,2.57,853.1,35.5,27.5,69.5,21.7,95.5,42,15.1,Low,Normal
FLD-0162,2026-07-11,06:00,Kolkata,22.57338,88.35855,8.8,2.82,323.8,45.9,29.8,82.5,17.3,90.1,137,9.5,Low,Normal
FLD-0163,2026-07-11,12:00,Kalyani,22.97566,88.42109,18.6,1.97,607.2,38.9,28.7,62.7,11.7,83.0,108,13.6,Low,Normal
FLD-0164,2026-07-11,18:00,Barasat,22.72535,88.47669,11.2,2.98,510.4,44.5,25.9,78.2,20.0,84.2,488,11.7,Low,Normal
FLD-0165,2026-07-12,00:00,Howrah,22.59869,88.26233,12.6,2.13,378.5,47.5,32.8,78.9,9.6,93.6,47,6.0,Low,Normal
FLD-0166,2026-07-12,06:00,Kolkata,22.57394,88.35798,29.3,2.97,766.8,48.4,29.7,90.9,13.7,75.0,125,20.8,Low,Normal
FLD-0167,2026-07-12,12:00,Kalyani,22.97026,88.43321,7.8,2.21,463.9,39.4,23.1,79.7,7.3,90.3,468,17.9,Low,Normal
FLD-0168,2026-07-12,18:00,Chinsurah,22.89683,88.40846,19.6,2.37,692.0,41.4,30.7,79.9,9.4,78.8,213,24.9,Low,Normal
FLD-0169,2026-07-13,00:00,Chinsurah,22.90529,88.40665,36.4,3.13,1056.2,57.4,27.0,76.8,7.8,89.9,400,25.2,Low,Normal
FLD-0170,2026-07-13,06:00,Serampore,22.76087,88.3364,28.6,2.66,844.1,61.5,28.1,73.7,2.4,81.7,127,19.3,Low,Normal
FLD-0171,2026-07-13,12:00,Kalyani,22.98456,88.43501,57.2,2.89,1404.6,42.0,29.0,81.4,2.4,83.7,388,24.7,Low,Normal
FLD-0172,2026-07-13,18:00,Barrackpore,22.76293,88.36965,21.6,1.61,696.3,47.0,26.5,82.0,3.1,85.4,197,12.6,Low,Normal
FLD-0173,2026-07-14,00:00,Hooghly,22.89506,88.38946,2.7,1.51,402.3,50.7,34.8,73.4,11.7,79.3,201,13.9,Low,Normal
FLD-0174,2026-07-14,06:00,Barasat,22.72025,88.48947,30.0,2.56,935.1,50.8,24.2,82.8,22.1,87.9,191,13.8,Low,Normal
FLD-0175,2026-07-14,12:00,Kalyani,22.97533,88.43341,71.3,3.46,1780.0,51.5,29.2,96.5,20.0,74.4,1624,38.5,Moderate,Watch
FLD-0176,2026-07-14,18:00,Serampore,22.75937,88.34041,18.8,2.3,636.7,45.4,30.2,73.6,13.8,90.4,193,7.3,Low,Normal
FLD-0177,2026-07-15,00:00,Hooghly,22.89085,88.40025,37.6,2.29,1041.8,54.6,29.1,75.0,6.4,77.1,326,17.5,Low,Normal
FLD-0178,2026-07-15,06:00,Hooghly,22.91018,88.3974,4.2,1.41,512.0,43.7,28.4,71.6,4.8,88.9,237,6.3,Low,Normal
FLD-0179,2026-07-15,12:00,Kolkata,22.57165,88.36962,6.1,1.81,315.9,45.9,27.8,73.3,10.3,87.4,131,9.8,Low,Normal
FLD-0180,2026-07-15,18:00,Hooghly,22.89844,88.39772,74.9,3.04,1898.2,59.8,26.4,85.1,6.3,74.6,223,32.6,Moderate,Watch
FLD-0181,2026-07-16,00:00,Barrackpore,22.75993,88.36333,13.2,1.88,706.2,44.0,26.4,73.4,2.8,94.6,82,10.4,Low,Normal
FLD-0182,2026-07-16,06:00,Chinsurah,22.88407,88.41017,18.9,1.91,518.6,54.5,32.7,74.5,4.2,85.7,283,12.7,Low,Normal
FLD-0183,2026-07-16,12:00,Serampore,22.75774,88.33344,78.8,3.03,1805.1,57.4,27.6,75.0,7.3,75.2,467,25.3,Low,Normal
FLD-0184,2026-07-16,18:00,Hooghly,22.90144,88.39665,16.7,2.73,593.8,41.3,35.8,76.4,21.6,87.6,221,17.2,Low,Normal
FLD-0185,2026-07-17,00:00,Kolkata,22.56486,88.3637,29.3,2.63,837.3,66.5,31.1,70.2,2.1,75.5,105,24.5,Low,Normal
FLD-0186,2026-07-17,06:00,Barrackpore,22.75823,88.36575,21.5,2.39,772.1,48.8,20.5,64.7,3.5,98.0,293,18.7,Low,Normal
FLD-0187,2026-07-17,12:00,Howrah,22.59379,88.26283,11.2,2.21,656.1,29.0,31.8,75.8,7.7,80.0,65,18.7,Low,Normal
FLD-0188,2026-07-17,18:00,Chinsurah,22.90401,88.39671,25.4,2.53,760.2,58.9,28.8,87.4,5.2,88.0,194,20.7,Low,Normal
FLD-0189,2026-07-18,00:00,Chinsurah,22.89244,88.40471,10.8,2.11,498.9,55.9,24.6,70.6,12.7,87.0,187,18.0,Low,Normal
FLD-0190,2026-07-18,06:00,Serampore,22.74378,88.34086,16.0,2.07,675.3,51.4,33.2,65.7,7.9,93.0,46,11.7,Low,Normal
FLD-0191,2026-07-18,12:00,Chinsurah,22.89253,88.40896,28.3,2.64,915.8,55.1,27.6,87.1,2.8,85.4,361,14.3,Low,Normal
FLD-0192,2026-07-18,18:00,Hooghly,22.89936,88.38983,13.0,2.09,482.7,62.7,27.3,73.1,6.4,82.5,496,18.1,Low,Normal
FLD-0193,2026-07-19,00:00,Kolkata,22.55642,88.37149,4.9,1.65,610.2,39.2,30.2,78.9,10.6,76.2,358,11.7,Low,Normal
FLD-0194,2026-07-19,06:00,Chinsurah,22.89367,88.4028,15.7,2.71,567.7,49.1,32.7,67.8,14.8,75.3,24,16.3,Low,Normal
FLD-0195,2026-07-19,12:00,Chinsurah,22.89261,88.41382,28.4,1.72,958.2,64.5,29.4,73.8,3.4,82.9,65,15.7,Low,Normal
FLD-0196,2026-07-19,18:00,Howrah,22.59998,88.26616,30.2,2.93,939.2,66.3,29.1,83.6,11.1,92.3,486,24.7,Low,Normal
FLD-0197,2026-07-20,00:00,Howrah,22.60689,88.25972,87.4,3.34,1983.7,59.9,26.8,78.2,7.4,66.6,325,34.9,Moderate,Watch
FLD-0198,2026-07-20,06:00,Barasat,22.72776,88.49165,58.2,2.44,1334.8,70.7,32.6,76.5,19.9,91.5,66,26.6,Low,Normal
FLD-0199,2026-07-20,12:00,Barrackpore,22.76439,88.35984,12.4,2.17,400.2,53.1,29.4,62.3,6.4,92.9,196,7.2,Low,Normal
FLD-0200,2026-07-20,18:00,Hooghly,22.89436,88.40151,39.3,2.37,1055.5,63.3,28.3,79.9,2.9,74.8,245,18.9,Low,Normal
FLD-0201,2026-07-21,00:00,Chinsurah,22.90944,88.414,5.0,2.35,437.9,51.4,27.9,66.8,5.5,80.8,295,7.1,Low,Normal
FLD-0202,2026-07-21,06:00,Kalyani,22.97536,88.42998,24.3,2.6,692.5,52.0,32.3,81.3,1.5,78.9,99,27.3,Low,Normal
FLD-0203,2026-07-21,12:00,Chinsurah,22.89408,88.41635,11.3,2.31,645.6,62.7,28.2,74.1,1.7,88.3,177,15.6,Low,Normal
FLD-0204,2026-07-21,18:00,Kolkata,22.57246,88.3624,9.2,2.38,509.9,43.1,32.3,74.6,2.1,86.5,114,16.9,Low,Normal
FLD-0205,2026-07-22,00:00,Barasat,22.72219,88.48273,29.1,2.35,793.4,64.1,27.5,79.2,12.8,83.7,167,14.8,Low,Normal
FLD-0206,2026-07-22,06:00,Barrackpore,22.76513,88.36856,32.3,3.05,989.7,65.9,31.3,76.6,11.8,80.8,118,23.6,Low,Normal
FLD-0207,2026-07-22,12:00,Kalyani,22.97156,88.43319,1.8,2.45,444.3,54.9,29.7,84.1,13.2,88.8,485,16.1,Low,Normal
FLD-0208,2026-07-22,18:00,Barasat,22.71772,88.48586,29.5,2.23,809.1,50.4,26.0,84.7,5.9,89.2,164,22.2,Low,Normal
FLD-0209,2026-07-23,00:00,Serampore,22.7526,88.34506,14.2,2.47,729.3,49.6,28.7,64.3,4.3,85.4,218,11.8,Low,Normal
FLD-0210,2026-07-23,06:00,Barrackpore,22.76274,88.35651,15.3,2.46,850.4,39.1,22.0,71.7,34.0,82.0,196,12.3,Low,Normal
FLD-0211,2026-07-23,12:00,Chinsurah,22.88972,88.41583,4.7,1.97,325.9,42.8,26.6,78.1,10.2,93.3,400,5.1,Low,Normal
FLD-0212,2026-07-23,18:00,Chinsurah,22.89464,88.39803,23.2,2.19,749.8,54.0,24.0,66.8,3.9,83.7,317,14.3,Low,Normal
FLD-0213,2026-07-24,00:00,Barrackpore,22.76447,88.3732,61.5,3.24,1490.1,47.3,35.4,64.7,23.5,83.3,485,22.2,Low,Normal
FLD-0214,2026-07-24,06:00,Chinsurah,22.90302,88.41476,9.7,2.12,751.8,44.8,24.0,67.3,21.3,86.1,236,5.5,Low,Normal
FLD-0215,2026-07-24,12:00,Hooghly,22.88509,88.38945,34.4,2.55,895.4,65.5,37.3,73.3,14.2,90.0,168,21.3,Low,Normal
FLD-0216,2026-07-24,18:00,Barrackpore,22.77255,88.36454,14.9,2.69,524.4,46.9,30.6,45.0,8.2,93.5,75,14.6,Low,Normal
FLD-0217,2026-07-25,00:00,Barasat,22.72848,88.47437,10.0,3.02,435.0,54.2,27.3,64.8,4.8,93.9,425,11.1,Low,Normal
FLD-0218,2026-07-25,06:00,Barrackpore,22.75356,88.36571,3.8,1.87,541.4,49.7,31.6,59.8,6.6,84.2,286,6.1,Low,Normal
FLD-0219,2026-07-25,12:00,Kalyani,22.97294,88.43215,37.7,2.43,957.5,50.4,26.9,82.3,19.4,79.7,32,19.2,Low,Normal
FLD-0220,2026-07-25,18:00,Chinsurah,22.89177,88.41268,16.3,2.24,558.9,47.2,24.5,79.5,5.3,91.1,298,19.7,Low,Normal
FLD-0221,2026-07-26,00:00,Hooghly,22.89255,88.40386,10.4,2.17,560.6,48.3,29.3,74.6,3.3,86.3,348,0.8,Low,Normal
FLD-0222,2026-07-26,06:00,Hooghly,22.89633,88.40437,11.9,2.29,594.9,33.0,31.2,73.4,14.0,86.2,229,12.6,Low,Normal
FLD-0223,2026-07-26,12:00,Serampore,22.74614,88.33693,24.5,2.16,898.9,56.5,33.1,77.3,9.0,80.6,194,19.6,Low,Normal
FLD-0224,2026-07-26,18:00,Barasat,22.73151,88.47974,10.4,1.7,546.4,46.3,30.6,65.6,5.5,95.1,293,4.7,Low,Normal
FLD-0225,2026-07-27,00:00,Howrah,22.60141,88.2535,6.6,2.7,493.9,53.2,27.3,81.2,5.9,93.4,296,13.5,Low,Normal
FLD-0226,2026-07-27,06:00,Howrah,22.60343,88.25876,13.7,2.4,586.4,50.5,33.4,73.5,1.3,85.5,373,15.5,Low,Normal
FLD-0227,2026-07-27,12:00,Barrackpore,22.77033,88.37279,13.4,2.03,460.6,46.5,32.7,79.2,6.2,82.4,446,11.7,Low,Normal
FLD-0228,2026-07-27,18:00,Serampore,22.74603,88.34999,13.2,2.33,567.0,49.0,29.9,78.9,18.3,82.2,423,21.0,Low,Normal
FLD-0229,2026-07-28,00:00,Kolkata,22.56945,88.35649,10.5,2.78,545.6,48.5,32.9,76.4,4.3,87.4,413,15.9,Low,Normal
FLD-0230,2026-07-28,06:00,Barrackpore,22.76894,88.36345,104.7,3.12,2190.5,76.3,36.0,80.5,37.5,76.7,847,42.9,Moderate,Watch
FLD-0231,2026-07-28,12:00,Serampore,22.74547,88.34014,76.0,3.09,1562.1,60.6,27.3,78.2,9.1,72.9,1919,33.4,Moderate,Watch
FLD-0232,2026-07-28,18:00,Barasat,22.72528,88.48268,5.9,1.59,342.4,48.2,26.1,71.9,2.6,79.8,229,10.9,Low,Normal
FLD-0233,2026-07-29,00:00,Barasat,22.71956,88.47614,1.5,1.98,373.0,36.5,27.2,75.5,10.9,88.3,95,4.3,Low,Normal
FLD-0234,2026-07-29,06:00,Barasat,22.71875,88.48354,12.4,2.38,667.0,47.2,24.7,74.2,4.3,91.6,382,13.9,Low,Normal
FLD-0235,2026-07-29,12:00,Barasat,22.72527,88.47816,1.7,1.63,549.7,55.5,30.9,68.7,14.3,88.2,438,8.3,Low,Normal
FLD-0236,2026-07-29,18:00,Barasat,22.72367,88.48091,3.5,1.98,393.8,48.7,23.8,76.5,20.3,86.1,170,7.1,Low,Normal
FLD-0237,2026-07-30,00:00,Serampore,22.75063,88.34358,9.8,2.41,454.7,39.4,33.0,74.6,16.2,79.9,316,15.9,Low,Normal
FLD-0238,2026-07-30,06:00,Serampore,22.75976,88.34034,178.9,4.59,3532.1,74.0,26.8,91.2,16.0,60.9,628,54.6,Moderate,Watch
FLD-0239,2026-07-30,12:00,Hooghly,22.89451,88.39338,12.3,1.76,467.0,42.3,33.3,60.1,6.7,91.7,31,12.4,Low,Normal
FLD-0240,2026-07-30,18:00,Kalyani,22.9787,88.43334,1.0,2.14,446.8,52.2,20.8,72.3,4.4,80.4,490,2.6,Low,Normal
FLD-0241,2026-07-31,00:00,Howrah,22.59936,88.26307,12.2,2.36,783.1,53.6,27.8,67.7,13.1,97.1,387,12.6,Low,Normal
FLD-0242,2026-07-31,06:00,Chinsurah,22.89214,88.40578,12.9,2.21,513.3,23.4,24.9,69.2,4.7,86.8,476,13.6,Low,Normal
FLD-0243,2026-07-31,12:00,Barasat,22.72296,88.47945,13.1,2.56,466.5,47.0,33.3,76.7,6.8,76.8,44,10.4,Low,Normal
FLD-0244,2026-07-31,18:00,Kolkata,22.56509,88.37349,179.6,4.19,3684.1,82.0,34.4,72.7,4.9,67.7,7380,61.8,High,Warning
FLD-0245,2026-08-01,00:00,Chinsurah,22.89954,88.41137,28.2,2.52,889.2,43.9,21.5,74.6,5.4,87.0,19,17.6,Low,Normal
FLD-0246,2026-08-01,06:00,Serampore,22.75169,88.33853,15.9,1.8,668.9,45.4,31.8,73.2,13.9,83.3,238,12.1,Low,Normal
FLD-0247,2026-08-01,12:00,Kolkata,22.56946,88.36808,53.9,2.16,1478.4,65.1,32.4,67.9,5.1,86.6,198,20.8,Low,Normal
FLD-0248,2026-08-01,18:00,Kolkata,22.57889,88.3619,9.8,2.4,389.3,49.8,30.0,73.7,14.0,83.0,64,11.4,Low,Normal
FLD-0249,2026-08-02,00:00,Kolkata,22.56837,88.37094,13.6,2.19,455.0,44.2,30.9,67.5,20.2,90.0,187,4.3,Low,Normal
FLD-0250,2026-08-02,06:00,Hooghly,22.89255,88.39822,14.7,2.03,598.8,46.6,30.7,88.3,6.1,85.9,88,12.5,Low,Normal
FLD-0251,2026-08-02,12:00,Serampore,22.74346,88.33966,3.8,1.68,424.8,44.2,31.8,80.6,3.8,85.8,409,11.8,Low,Normal
FLD-0252,2026-08-02,18:00,Kolkata,22.57624,88.36659,15.0,2.49,583.7,50.0,25.5,73.4,17.6,94.1,200,12.0,Low,Normal
FLD-0253,2026-08-03,00:00,Barasat,22.71332,88.47157,3.1,1.51,651.4,35.6,32.8,69.2,11.4,93.5,22,3.1,Low,Normal
FLD-0254,2026-08-03,06:00,Barrackpore,22.77653,88.36024,8.5,2.46,472.5,42.0,29.7,76.0,5.0,80.2,295,19.3,Low,Normal
FLD-0255,2026-08-03,12:00,Kolkata,22.56011,88.35674,16.4,2.38,590.1,55.5,29.5,78.4,7.1,88.1,129,14.6,Low,Normal
FLD-0256,2026-08-03,18:00,Hooghly,22.91118,88.39686,4.5,1.55,442.9,45.4,30.8,74.1,12.0,98.0,153,7.4,Low,Normal
FLD-0257,2026-08-04,00:00,Chinsurah,22.89527,88.4184,19.2,2.3,792.2,42.9,24.9,66.0,2.3,93.7,77,14.4,Low,Normal
FLD-0258,2026-08-04,06:00,Serampore,22.75222,88.35369,131.0,4.68,2636.1,65.5,24.0,78.4,25.8,65.5,830,51.1,Moderate,Watch
FLD-0259,2026-08-04,12:00,Kalyani,22.97173,88.43783,11.1,2.56,535.8,52.3,28.6,73.2,16.7,96.1,299,16.5,Low,Normal
FLD-0260,2026-08-04,18:00,Hooghly,22.90339,88.39901,21.7,2.0,839.7,45.7,33.9,75.3,9.3,90.8,414,16.5,Low,Normal
FLD-0261,2026-08-05,00:00,Kolkata,22.57237,88.35309,14.1,2.44,708.6,51.4,25.2,75.0,24.9,79.9,153,19.3,Low,Normal
FLD-0262,2026-08-05,06:00,Serampore,22.75942,88.33704,18.8,1.76,711.1,44.4,29.6,78.2,22.4,86.8,112,15.0,Low,Normal
FLD-0263,2026-08-05,12:00,Barrackpore,22.76669,88.36227,95.8,2.8,2316.7,56.3,26.7,87.1,8.0,78.4,338,26.0,Low,Normal
FLD-0264,2026-08-05,18:00,Kolkata,22.5735,88.36017,13.9,2.16,798.0,49.5,26.3,79.9,7.5,79.7,485,9.8,Low,Normal
FLD-0265,2026-08-06,00:00,Hooghly,22.89882,88.39499,19.6,2.46,563.0,48.2,30.6,77.3,7.7,89.7,116,12.5,Low,Normal
FLD-0266,2026-08-06,06:00,Howrah,22.59546,88.26077,8.4,2.4,332.1,51.5,31.4,63.7,13.4,98.0,4,7.6,Low,Normal
FLD-0267,2026-08-06,12:00,Barasat,22.72285,88.46912,21.5,2.58,815.9,55.5,26.5,81.6,12.7,93.4,376,14.6,Low,Normal
FLD-0268,2026-08-06,18:00,Kalyani,22.96474,88.43849,12.5,2.34,711.4,45.0,33.4,78.5,1.6,87.3,325,17.0,Low,Normal
FLD-0269,2026-08-07,00:00,Chinsurah,22.88591,88.40156,35.8,1.91,971.8,54.6,30.4,72.4,12.1,81.7,34,16.7,Low,Normal
FLD-0270,2026-08-07,06:00,Hooghly,22.90546,88.39744,16.7,2.2,599.6,45.6,28.2,73.2,12.1,87.8,271,11.9,Low,Normal
FLD-0271,2026-08-07,12:00,Serampore,22.75383,88.35274,9.5,2.47,438.4,51.3,30.1,73.0,7.8,80.9,158,13.2,Low,Normal
FLD-0272,2026-08-07,18:00,Kalyani,22.9739,88.42848,21.7,2.44,624.4,51.0,35.5,70.2,9.7,82.3,209,14.0,Low,Normal
FLD-0273,2026-08-08,00:00,Kalyani,22.97511,88.41882,36.8,2.56,1126.9,48.0,31.4,62.0,2.0,71.4,13,18.5,Low,Normal
FLD-0274,2026-08-08,06:00,Kalyani,22.97709,88.43228,10.2,2.25,495.6,42.1,26.8,64.8,3.2,89.3,24,15.7,Low,Normal
FLD-0275,2026-08-08,12:00,Kolkata,22.56936,88.37051,8.8,2.23,538.9,48.6,28.9,66.2,4.7,84.8,334,4.6,Low,Normal
FLD-0276,2026-08-08,18:00,Barasat,22.71633,88.49275,0.5,1.32,176.6,53.2,29.4,58.3,13.6,91.6,217,10.4,Low,Normal
FLD-0277,2026-08-09,00:00,Kolkata,22.57378,88.35652,16.6,2.63,749.5,54.6,31.1,65.2,20.8,86.6,253,25.3,Low,Normal
FLD-0278,2026-08-09,06:00,Serampore,22.74693,88.34328,11.5,2.11,616.1,40.7,29.8,80.7,13.0,80.4,483,17.1,Low,Normal
FLD-0279,2026-08-09,12:00,Kolkata,22.57505,88.36111,21.7,2.54,605.6,43.5,35.1,76.7,10.0,86.4,202,11.0,Low,Normal
FLD-0280,2026-08-09,18:00,Howrah,22.58558,88.26296,22.0,1.49,772.0,44.6,28.3,66.5,14.9,80.9,100,7.8,Low,Normal
FLD-0281,2026-08-10,00:00,Barasat,22.72717,88.49687,4.0,2.63,422.2,41.6,23.5,67.4,1.0,97.4,360,14.8,Low,Normal
FLD-0282,2026-08-10,06:00,Barasat,22.72384,88.47198,28.1,1.97,810.9,37.9,29.7,82.3,19.7,79.3,228,12.6,Low,Normal
FLD-0283,2026-08-10,12:00,Serampore,22.75434,88.34182,7.7,2.99,199.1,52.1,27.6,80.9,8.4,84.2,198,14.7,Low,Normal
FLD-0284,2026-08-10,18:00,Chinsurah,22.8999,88.41081,10.3,2.88,468.5,43.9,24.2,73.1,18.1,80.6,401,15.0,Low,Normal
FLD-0285,2026-08-11,00:00,Howrah,22.60579,88.27011,19.3,1.79,726.8,52.1,26.7,81.4,14.3,78.9,177,9.0,Low,Normal
FLD-0286,2026-08-11,06:00,Hooghly,22.90709,88.39659,5.5,2.36,394.4,43.9,27.9,67.0,5.0,87.5,275,10.0,Low,Normal
FLD-0287,2026-08-11,12:00,Kolkata,22.56155,88.36575,8.9,1.76,487.9,46.6,32.6,74.1,10.9,79.4,311,5.0,Low,Normal
FLD-0288,2026-08-11,18:00,Barrackpore,22.75832,88.36465,5.0,1.84,590.2,41.2,24.3,62.0,5.3,86.2,129,10.5,Low,Normal
FLD-0289,2026-08-12,00:00,Kolkata,22.56885,88.36551,29.8,2.18,878.7,50.8,30.1,71.2,12.6,86.7,409,12.1,Low,Normal
FLD-0290,2026-08-12,06:00,Kalyani,22.97516,88.43194,11.0,2.3,338.3,41.1,36.1,72.9,27.8,84.0,278,11.3,Low,Normal
FLD-0291,2026-08-12,12:00,Kolkata,22.57571,88.36763,4.6,2.17,413.5,45.8,28.4,60.5,12.7,74.2,287,8.8,Low,Normal
FLD-0292,2026-08-12,18:00,Hooghly,22.89665,88.39378,4.9,1.64,447.9,56.2,28.3,76.4,4.8,95.4,140,10.2,Low,Normal
FLD-0293,2026-08-13,00:00,Kolkata,22.57372,88.36616,26.5,2.51,744.5,53.9,31.3,78.9,16.7,86.2,12,21.0,Low,Normal
FLD-0294,2026-08-13,06:00,Howrah,22.59127,88.26342,7.1,2.02,551.9,48.5,30.7,79.5,4.6,88.7,400,12.2,Low,Normal
FLD-0295,2026-08-13,12:00,Howrah,22.59213,88.27036,10.1,1.5,384.8,37.8,33.5,88.9,20.3,85.3,216,4.6,Low,Normal
FLD-0296,2026-08-13,18:00,Barasat,22.71256,88.48069,15.4,2.05,614.2,52.1,28.5,75.8,3.9,90.9,185,10.2,Low,Normal
FLD-0297,2026-08-14,00:00,Serampore,22.74726,88.32966,11.6,2.74,412.0,52.0,31.2,72.2,18.6,92.1,469,24.1,Low,Normal
FLD-0298,2026-08-14,06:00,Chinsurah,22.88589,88.41557,2.2,1.89,360.1,47.3,31.3,60.9,6.2,93.9,26,10.7,Low,Normal
FLD-0299,2026-08-14,12:00,Barrackpore,22.76014,88.36157,103.8,2.74,2288.7,67.3,27.9,81.0,13.6,76.1,364,35.5,Moderate,Watch
FLD-0300,2026-08-14,18:00,Kalyani,22.98132,88.43008,12.3,2.45,555.9,46.5,28.6,76.7,16.8,78.1,217,12.2,Low,Normal
FLD-0301,2026-08-15,00:00,Kolkata,22.5669,88.36033,26.6,2.03,806.8,54.9,29.0,64.1,10.9,87.0,421,8.4,Low,Normal
FLD-0302,2026-08-15,06:00,Kolkata,22.58839,88.37215,24.6,2.4,795.3,59.7,25.0,71.8,6.8,86.4,13,21.9,Low,Normal
FLD-0303,2026-08-15,12:00,Hooghly,22.90396,88.38319,1.6,1.96,387.0,47.6,27.8,72.2,11.1,84.5,141,6.4,Low,Normal
FLD-0304,2026-08-15,18:00,Serampore,22.75391,88.35913,24.7,2.95,864.7,43.1,33.8,77.2,8.4,80.0,395,23.2,Low,Normal
FLD-0305,2026-08-16,00:00,Howrah,22.59065,88.26994,66.8,2.83,1622.1,52.1,32.3,82.0,9.5,82.6,324,30.6,Moderate,Normal
FLD-0306,2026-08-16,06:00,Barrackpore,22.7702,88.36834,20.2,1.87,855.3,54.1,27.1,69.5,2.3,84.9,484,18.6,Low,Normal
FLD-0307,2026-08-16,12:00,Barasat,22.71755,88.48067,36.2,2.32,1018.0,45.5,28.9,75.6,14.7,81.0,323,20.6,Low,Normal
FLD-0308,2026-08-16,18:00,Howrah,22.59653,88.26531,29.1,1.96,707.9,52.2,32.1,77.8,10.6,94.2,54,12.8,Low,Normal
FLD-0309,2026-08-17,00:00,Kalyani,22.99036,88.43713,24.1,2.25,869.7,47.4,30.4,72.2,1.8,88.9,190,14.6,Low,Normal
FLD-0310,2026-08-17,06:00,Serampore,22.75222,88.34417,29.8,3.02,1021.9,43.5,31.6,70.8,7.1,86.7,284,19.5,Low,Normal
FLD-0311,2026-08-17,12:00,Kalyani,22.9819,88.43733,33.3,2.88,1196.5,57.5,30.7,79.0,1.1,91.0,88,21.0,Low,Normal
FLD-0312,2026-08-17,18:00,Chinsurah,22.88978,88.40854,34.3,3.17,1111.8,56.8,29.7,72.8,9.6,85.5,44,16.9,Low,Normal
FLD-0313,2026-08-18,00:00,Barasat,22.72079,88.47982,4.9,2.23,388.7,36.5,28.5,63.9,13.3,83.1,131,0.1,Low,Normal
FLD-0314,2026-08-18,06:00,Chinsurah,22.90462,88.40709,139.6,3.91,2881.3,76.3,25.2,90.0,5.5,67.5,1594,54.9,Moderate,Watch
FLD-0315,2026-08-18,12:00,Hooghly,22.89724,88.39483,12.2,1.81,542.5,49.8,31.2,65.1,5.2,90.8,399,8.6,Low,Normal
FLD-0316,2026-08-18,18:00,Kalyani,22.98587,88.4408,35.1,2.56,941.1,57.9,28.3,73.4,6.8,87.2,497,23.5,Low,Normal
FLD-0317,2026-08-19,00:00,Hooghly,22.90525,88.39956,21.5,2.24,725.0,50.5,23.7,75.5,5.2,87.9,65,13.0,Low,Normal
FLD-0318,2026-08-19,06:00,Kolkata,22.56923,88.34626,4.8,2.34,565.0,55.9,27.3,75.5,4.4,80.5,278,14.2,Low,Normal
FLD-0319,2026-08-19,12:00,Chinsurah,22.89779,88.41194,38.4,2.12,882.1,51.8,31.7,75.5,1.5,87.9,323,20.3,Low,Normal
FLD-0320,2026-08-19,18:00,Serampore,22.75864,88.34147,7.8,2.12,389.7,44.7,22.9,51.9,5.0,86.6,147,14.7,Low,Normal
FLD-0321,2026-08-20,00:00,Kalyani,22.97873,88.43389,11.7,1.61,682.9,40.5,25.7,67.8,2.4,90.1,144,6.1,Low,Normal
FLD-0322,2026-08-20,06:00,Barrackpore,22.75658,88.36467,44.5,2.71,1296.5,47.4,29.4,76.7,19.7,77.2,435,18.4,Low,Normal
FLD-0323,2026-08-20,12:00,Barasat,22.71664,88.48774,16.7,2.46,585.4,41.2,33.5,72.2,22.0,97.6,5,16.9,Low,Normal
FLD-0324,2026-08-20,18:00,Howrah,22.59431,88.26929,11.3,1.58,718.6,48.8,32.2,76.3,12.8,88.0,81,8.4,Low,Normal
FLD-0325,2026-08-21,00:00,Serampore,22.75235,88.33566,14.1,1.72,702.2,45.9,33.8,80.0,19.1,83.7,467,8.9,Low,Normal
FLD-0326,2026-08-21,06:00,Serampore,22.75652,88.34274,11.1,1.69,523.2,49.5,29.7,76.2,4.7,90.4,122,7.8,Low,Normal
FLD-0327,2026-08-21,12:00,Hooghly,22.90207,88.39017,26.5,2.29,582.9,41.8,28.3,68.5,13.2,89.7,166,9.9,Low,Normal
FLD-0328,2026-08-21,18:00,Chinsurah,22.88599,88.39972,11.4,1.66,388.3,41.3,31.7,68.9,13.0,90.3,236,10.0,Low,Normal
FLD-0329,2026-08-22,00:00,Kalyani,22.97728,88.43024,14.5,2.68,545.6,41.8,26.1,84.3,11.3,80.1,104,10.3,Low,Normal
FLD-0330,2026-08-22,06:00,Kalyani,22.97866,88.43917,22.8,2.46,836.1,64.7,25.9,72.1,6.7,91.9,289,18.2,Low,Normal
FLD-0331,2026-08-22,12:00,Kolkata,22.57596,88.36962,21.0,2.49,804.4,48.0,25.3,72.6,9.1,83.2,487,17.0,Low,Normal
FLD-0332,2026-08-22,18:00,Kolkata,22.57908,88.36698,8.4,1.56,453.8,46.2,32.5,76.1,11.0,86.8,237,5.5,Low,Normal
FLD-0333,2026-08-23,00:00,Barasat,22.726,88.48535,26.7,2.81,807.3,49.8,26.3,82.3,10.8,71.3,309,27.0,Low,Normal
FLD-0334,2026-08-23,06:00,Hooghly,22.90376,88.3991,126.3,3.91,2619.3,81.1,32.2,73.3,4.2,68.8,2100,52.3,Moderate,Watch
FLD-0335,2026-08-23,12:00,Serampore,22.75238,88.33645,6.0,1.84,435.7,34.9,29.5,68.9,21.1,84.4,81,5.1,Low,Normal
FLD-0336,2026-08-23,18:00,Kalyani,22.96503,88.43659,2.5,1.49,410.8,45.1,32.5,60.9,9.7,90.4,93,4.5,Low,Normal
FLD-0337,2026-08-24,00:00,Barrackpore,22.76858,88.3718,13.0,2.15,581.6,36.2,25.5,70.7,15.3,83.2,320,14.0,Low,Normal
FLD-0338,2026-08-24,06:00,Hooghly,22.90225,88.40053,3.1,1.88,238.6,29.0,27.0,76.2,6.0,77.9,342,8.0,Low,Normal
FLD-0339,2026-08-24,12:00,Barasat,22.72263,88.48813,106.8,3.28,2252.3,61.2,30.5,75.9,12.6,75.6,1595,43.7,Moderate,Watch
FLD-0340,2026-08-24,18:00,Barasat,22.71334,88.48525,14.8,1.95,614.4,50.8,27.6,85.2,10.1,84.6,296,15.3,Low,Normal
FLD-0341,2026-08-25,00:00,Hooghly,22.89451,88.39811,32.9,2.69,1040.4,46.0,21.0,74.8,4.6,79.4,360,20.5,Low,Normal
FLD-0342,2026-08-25,06:00,Barasat,22.72732,88.48742,12.0,1.25,482.4,50.2,24.6,72.0,9.2,87.0,318,9.3,Low,Normal
FLD-0343,2026-08-25,12:00,Hooghly,22.90076,88.39584,3.9,2.55,440.4,46.5,25.4,69.8,7.3,76.8,415,25.9,Low,Normal
FLD-0344,2026-08-25,18:00,Howrah,22.59989,88.25831,13.8,2.53,654.3,46.8,25.7,63.3,7.9,89.9,65,9.2,Low,Normal
FLD-0345,2026-08-26,00:00,Hooghly,22.90117,88.39502,32.0,2.5,910.9,60.3,31.2,73.3,17.2,82.7,111,15.3,Low,Normal
FLD-0346,2026-08-26,06:00,Chinsurah,22.89418,88.40353,11.7,2.11,386.0,43.2,30.1,75.2,8.5,84.9,355,9.7,Low,Normal
FLD-0347,2026-08-26,12:00,Hooghly,22.90663,88.39195,126.4,4.06,2726.4,72.9,29.5,78.8,16.5,77.3,719,53.8,Moderate,Watch
FLD-0348,2026-08-26,18:00,Barasat,22.7179,88.48013,98.4,3.3,2195.4,52.1,35.4,79.5,13.5,72.0,400,26.4,Low,Normal
FLD-0349,2026-08-27,00:00,Kalyani,22.97558,88.42925,24.8,2.23,819.4,50.7,32.8,68.8,10.0,86.3,170,7.2,Low,Normal
FLD-0350,2026-08-27,06:00,Chinsurah,22.89123,88.40615,17.7,2.63,672.3,46.7,31.6,64.3,17.8,84.9,246,13.3,Low,Normal
FLD-0351,2026-08-27,12:00,Barasat,22.71839,88.46964,23.7,3.05,598.4,41.5,24.2,72.7,16.9,98.0,65,24.6,Low,Normal
FLD-0352,2026-08-27,18:00,Kolkata,22.57074,88.36518,56.2,2.41,1439.4,59.0,29.2,76.9,10.0,83.6,67,23.9,Low,Normal
FLD-0353,2026-08-28,00:00,Kolkata,22.57393,88.36391,114.1,3.67,2551.9,62.6,30.0,77.7,10.5,66.3,1704,38.7,Moderate,Watch
FLD-0354,2026-08-28,06:00,Kalyani,22.97213,88.4291,16.9,1.85,543.2,60.5,27.7,74.4,17.9,96.3,33,15.2,Low,Normal
FLD-0355,2026-08-28,12:00,Kalyani,22.98253,88.43796,32.8,2.61,1075.6,34.5,34.5,79.4,14.1,90.0,0,23.4,Low,Normal
FLD-0356,2026-08-28,18:00,Chinsurah,22.88863,88.41363,107.3,3.16,2395.2,68.2,29.2,83.9,21.0,74.3,531,37.4,Moderate,Watch
FLD-0357,2026-08-29,00:00,Howrah,22.59468,88.25395,2.3,2.46,277.5,45.8,25.1,78.1,8.3,85.1,389,13.7,Low,Normal
FLD-0358,2026-08-29,06:00,Kalyani,22.97236,88.42942,11.9,2.12,524.7,45.4,25.8,79.8,3.6,78.5,271,13.3,Low,Normal
FLD-0359,2026-08-29,12:00,Kolkata,22.58128,88.35929,18.0,2.26,535.0,44.9,36.3,76.6,5.4,88.2,257,15.1,Low,Normal
FLD-0360,2026-08-29,18:00,Hooghly,22.90218,88.39036,42.2,3.13,1103.0,53.9,27.7,77.0,1.7,78.5,237,22.9,Low,Normal
FLD-0361,2026-08-30,00:00,Barasat,22.72719,88.48598,16.2,1.96,687.1,55.7,22.3,86.6,5.1,80.6,115,17.3,Low,Normal
FLD-0362,2026-08-30,06:00,Kolkata,22.56369,88.36274,6.9,2.33,342.6,34.7,27.1,77.9,14.0,91.8,75,12.8,Low,Normal
FLD-0363,2026-08-30,12:00,Kolkata,22.5742,88.36231,18.4,2.02,718.9,43.0,23.2,67.2,8.4,94.9,282,13.3,Low,Normal
FLD-0364,2026-08-30,18:00,Howrah,22.60114,88.25158,39.4,2.94,1122.7,45.5,31.9,61.3,4.6,80.0,18,14.1,Low,Normal
FLD-0365,2026-08-31,00:00,Chinsurah,22.89449,88.41181,8.9,2.74,575.0,39.1,22.7,70.8,6.1,91.7,283,7.0,Low,Normal
FLD-0366,2026-08-31,06:00,Chinsurah,22.90039,88.40056,9.9,2.04,573.1,49.4,24.5,77.0,11.3,88.0,34,8.8,Low,Normal
FLD-0367,2026-08-31,12:00,Serampore,22.7497,88.34066,112.5,2.73,2251.5,71.6,29.0,85.5,6.3,75.5,362,39.3,Moderate,Watch
FLD-0368,2026-08-31,18:00,Howrah,22.60426,88.26526,4.5,1.82,418.0,53.3,32.6,63.5,7.8,82.5,490,11.5,Low,Normal
FLD-0369,2026-09-01,00:00,Hooghly,22.91479,88.40416,15.7,3.06,667.6,52.4,28.8,78.0,2.5,84.7,323,14.8,Low,Normal
FLD-0370,2026-09-01,06:00,Chinsurah,22.89182,88.40015,14.3,1.98,753.8,52.7,25.0,80.8,19.4,79.6,304,15.3,Low,Normal
FLD-0371,2026-09-01,12:00,Barasat,22.71833,88.46288,2.6,2.66,397.8,35.6,29.6,76.4,21.2,80.3,240,15.8,Low,Normal
FLD-0372,2026-09-01,18:00,Kalyani,22.98372,88.4351,7.4,1.89,526.1,56.9,27.5,75.4,4.8,90.1,6,13.8,Low,Normal
FLD-0373,2026-09-02,00:00,Howrah,22.60528,88.2744,17.3,2.01,568.0,47.0,32.6,72.1,7.1,82.6,36,10.1,Low,Normal
FLD-0374,2026-09-02,06:00,Kalyani,22.97186,88.44143,24.4,2.6,673.7,57.1,31.7,70.2,1.5,79.3,370,16.7,Low,Normal
FLD-0375,2026-09-02,12:00,Kolkata,22.57008,88.36516,29.2,2.62,747.2,41.2,27.3,79.3,18.4,76.9,152,12.3,Low,Normal
FLD-0376,2026-09-02,18:00,Barasat,22.71931,88.47805,25.8,2.64,772.4,48.5,31.5,77.6,3.2,75.6,244,25.5,Low,Normal
FLD-0377,2026-09-03,00:00,Barasat,22.71293,88.48584,15.0,2.2,825.8,54.6,29.9,70.6,8.9,74.3,249,17.4,Low,Normal
FLD-0378,2026-09-03,06:00,Kolkata,22.56709,88.35806,3.7,2.41,376.8,45.9,33.4,90.0,4.0,88.2,114,6.3,Low,Normal
FLD-0379,2026-09-03,12:00,Howrah,22.58978,88.26646,12.5,2.5,612.0,42.2,31.4,62.2,9.1,70.6,40,18.8,Low,Normal
FLD-0380,2026-09-03,18:00,Kolkata,22.56799,88.36693,0.9,2.41,421.2,54.3,30.8,70.4,16.1,90.7,336,14.7,Low,Normal
FLD-0381,2026-09-04,00:00,Kalyani,22.97479,88.44036,17.4,2.01,553.2,40.3,33.2,67.6,13.4,88.5,61,14.7,Low,Normal
FLD-0382,2026-09-04,06:00,Serampore,22.75421,88.35686,82.7,3.46,1794.9,61.4,29.0,79.7,14.1,76.7,804,32.8,Moderate,Watch
FLD-0383,2026-09-04,12:00,Barasat,22.7303,88.48335,1.6,1.84,440.6,49.8,26.5,58.5,2.9,88.2,141,5.9,Low,Normal
FLD-0384,2026-09-04,18:00,Barrackpore,22.76001,88.36395,19.8,2.21,748.7,63.6,29.6,82.1,8.8,83.7,484,14.1,Low,Normal
FLD-0385,2026-09-05,00:00,Barrackpore,22.77191,88.36685,39.1,2.46,853.7,49.6,27.9,81.4,29.9,84.3,437,27.4,Low,Normal
FLD-0386,2026-09-05,06:00,Kalyani,22.97372,88.42339,3.2,1.69,466.3,43.7,30.9,74.1,10.8,88.9,257,5.3,Low,Normal
FLD-0387,2026-09-05,12:00,Hooghly,22.9007,88.39183,21.0,1.67,672.3,46.1,29.2,71.1,9.3,93.1,87,5.8,Low,Normal
FLD-0388,2026-09-05,18:00,Chinsurah,22.89805,88.40554,10.9,2.57,493.3,48.8,30.3,77.7,7.5,95.8,462,10.9,Low,Normal
FLD-0389,2026-09-06,00:00,Kolkata,22.56586,88.36076,7.8,1.86,530.4,50.7,25.1,74.8,10.1,96.0,47,8.1,Low,Normal
FLD-0390,2026-09-06,06:00,Kolkata,22.57489,88.36481,7.8,2.01,642.4,54.2,30.6,79.1,9.1,82.2,434,19.1,Low,Normal
FLD-0391,2026-09-06,12:00,Hooghly,22.902,88.39107,10.9,1.89,525.7,52.5,24.9,71.8,26.6,91.1,480,11.5,Low,Normal
FLD-0392,2026-09-06,18:00,Hooghly,22.90395,88.40273,10.8,2.05,663.1,43.7,32.1,71.4,15.5,89.6,310,15.5,Low,Normal
FLD-0393,2026-09-07,00:00,Kalyani,22.97674,88.434,14.5,2.02,467.3,53.6,32.1,80.4,8.3,82.2,11,14.3,Low,Normal
FLD-0394,2026-09-07,06:00,Kalyani,22.98973,88.43394,7.1,2.54,491.0,47.1,30.1,76.9,15.0,81.8,210,13.2,Low,Normal
FLD-0395,2026-09-07,12:00,Hooghly,22.89717,88.39403,8.5,1.91,448.7,51.9,30.0,71.3,5.1,84.6,243,6.4,Low,Normal
FLD-0396,2026-09-07,18:00,Barasat,22.71781,88.48193,22.4,2.9,781.1,55.1,28.3,75.9,9.0,78.7,238,26.5,Low,Normal
FLD-0397,2026-09-08,00:00,Kalyani,22.97126,88.43895,6.5,2.49,438.0,57.7,27.1,73.7,6.3,78.8,196,19.1,Low,Normal
FLD-0398,2026-09-08,06:00,Serampore,22.74947,88.3351,81.3,2.92,1679.7,58.8,29.0,80.1,14.3,80.4,1593,35.1,Moderate,Watch
FLD-0399,2026-09-08,12:00,Kalyani,22.97118,88.43005,63.1,2.95,1397.3,53.8,35.3,84.7,8.5,80.0,1708,31.3,Moderate,Watch
FLD-0400,2026-09-08,18:00,Kolkata,22.57973,88.36208,9.5,2.31,357.0,50.0,29.7,70.1,10.0,86.9,186,9.1,Low,Normal
FLD-0401,2026-09-09,00:00,Kalyani,22.98352,88.42592,47.6,2.93,1075.4,62.8,24.7,70.3,8.0,87.4,200,25.1,Low,Normal
FLD-0402,2026-09-09,06:00,Barasat,22.71758,88.47608,4.6,2.39,480.1,46.3,23.5,74.2,11.6,86.2,102,16.4,Low,Normal
FLD-0403,2026-09-09,12:00,Hooghly,22.89601,88.39314,40.9,2.61,1060.4,61.9,24.4,70.7,14.5,87.7,289,25.1,Low,Normal
FLD-0404,2026-09-09,18:00,Kolkata,22.57543,88.36915,26.9,2.02,857.5,55.2,27.8,67.2,21.3,80.1,220,15.9,Low,Normal
FLD-0405,2026-09-10,00:00,Kalyani,22.97169,88.43558,8.8,2.34,690.0,45.4,33.1,79.5,7.5,82.4,496,21.5,Low,Normal
FLD-0406,2026-09-10,06:00,Barasat,22.7248,88.48216,27.4,2.28,814.5,54.4,25.7,71.6,4.2,84.5,495,18.6,Low,Normal
FLD-0407,2026-09-10,12:00,Serampore,22.75402,88.34541,0.4,1.03,420.8,42.0,33.5,58.9,12.1,98.0,367,8.6,Low,Normal
FLD-0408,2026-09-10,18:00,Kalyani,22.96591,88.43318,8.1,2.24,498.5,48.3,29.6,78.4,3.3,94.7,301,12.3,Low,Normal
FLD-0409,2026-09-11,00:00,Barasat,22.73029,88.48334,6.6,1.83,745.5,38.8,30.5,69.3,7.3,93.7,186,6.2,Low,Normal
FLD-0410,2026-09-11,06:00,Serampore,22.76358,88.33968,19.9,2.11,407.2,48.5,30.5,77.2,2.6,77.2,449,17.4,Low,Normal
FLD-0411,2026-09-11,12:00,Hooghly,22.89732,88.39759,24.7,2.33,723.5,56.9,30.9,81.1,45.0,85.7,402,20.1,Low,Normal
FLD-0412,2026-09-11,18:00,Kalyani,22.97267,88.4305,19.7,1.72,770.2,54.3,27.7,74.5,19.5,90.4,411,13.3,Low,Normal
FLD-0413,2026-09-12,00:00,Serampore,22.75452,88.32567,16.5,2.27,571.5,52.6,21.5,58.7,18.4,98.0,98,8.2,Low,Normal
FLD-0414,2026-09-12,06:00,Kolkata,22.57461,88.36309,28.7,2.27,923.5,52.8,27.1,60.0,21.9,74.2,423,20.7,Low,Normal
FLD-0415,2026-09-12,12:00,Hooghly,22.90495,88.40454,26.0,2.04,811.3,51.3,26.2,68.9,17.1,89.0,244,10.6,Low,Normal
FLD-0416,2026-09-12,18:00,Kolkata,22.58466,88.36946,8.6,2.13,591.7,37.9,30.0,72.1,10.9,93.3,312,12.3,Low,Normal
FLD-0417,2026-09-13,00:00,Barrackpore,22.76494,88.37279,9.5,1.53,407.4,45.5,29.7,81.0,11.1,89.5,306,3.4,Low,Normal
FLD-0418,2026-09-13,06:00,Howrah,22.59101,88.27102,24.9,2.36,816.2,51.3,28.1,75.5,20.6,76.7,495,13.8,Low,Normal
FLD-0419,2026-09-13,12:00,Kalyani,22.96672,88.43453,14.4,2.36,656.1,40.0,34.6,91.2,21.5,87.6,21,15.0,Low,Normal
FLD-0420,2026-09-13,18:00,Serampore,22.74841,88.34148,15.2,2.31,636.6,35.8,26.9,62.5,4.5,88.6,67,12.7,Low,Normal
FLD-0421,2026-09-14,00:00,Howrah,22.5956,88.25989,16.7,2.5,666.0,56.2,21.9,73.9,8.3,86.9,391,17.0,Low,Normal
FLD-0422,2026-09-14,06:00,Howrah,22.60657,88.2617,2.5,2.44,514.4,45.8,29.4,69.0,9.8,83.6,315,9.8,Low,Normal
FLD-0423,2026-09-14,12:00,Serampore,22.74969,88.34399,8.3,2.08,331.2,48.1,32.8,74.1,17.4,82.1,64,15.4,Low,Normal
FLD-0424,2026-09-14,18:00,Hooghly,22.90234,88.40322,21.2,2.67,744.0,53.1,29.9,85.5,5.1,88.0,291,18.7,Low,Normal
FLD-0425,2026-09-15,00:00,Kalyani,22.9749,88.43316,8.2,2.08,377.1,39.8,27.9,85.2,4.7,82.9,454,11.4,Low,Normal
FLD-0426,2026-09-15,06:00,Barrackpore,22.77313,88.3643,12.4,1.92,649.0,44.7,29.8,73.1,3.1,82.5,216,10.3,Low,Normal
FLD-0427,2026-09-15,12:00,Kolkata,22.58776,88.3639,21.1,2.14,646.0,59.7,34.9,79.3,6.4,84.4,28,13.0,Low,Normal
FLD-0428,2026-09-15,18:00,Barasat,22.71781,88.48461,29.8,2.49,639.6,47.5,26.2,75.3,7.3,85.1,192,20.9,Low,Normal
FLD-0429,2026-09-16,00:00,Kolkata,22.56966,88.35524,32.3,2.81,1009.2,49.6,29.1,66.4,24.5,90.0,55,16.2,Low,Normal
FLD-0430,2026-09-16,06:00,Barasat,22.72726,88.46722,33.5,2.45,926.7,47.0,31.1,74.1,16.1,76.5,337,25.0,Low,Normal
FLD-0431,2026-09-16,12:00,Kolkata,22.57669,88.3606,13.4,1.94,626.1,42.5,29.8,69.3,17.4,78.5,387,7.5,Low,Normal
FLD-0432,2026-09-16,18:00,Serampore,22.76388,88.33298,12.3,2.67,713.8,55.2,28.2,72.3,4.1,84.1,211,18.0,Low,Normal
FLD-0433,2026-09-17,00:00,Barrackpore,22.7695,88.36395,5.1,1.57,479.6,28.7,27.6,66.3,8.0,76.5,237,6.4,Low,Normal
FLD-0434,2026-09-17,06:00,Kalyani,22.97284,88.43311,39.2,2.29,1072.8,49.6,28.1,75.4,14.8,86.4,199,17.6,Low,Normal
FLD-0435,2026-09-17,12:00,Barasat,22.72454,88.47828,11.9,2.47,559.0,49.0,30.7,74.9,10.3,74.5,474,17.9,Low,Normal
FLD-0436,2026-09-17,18:00,Kalyani,22.98165,88.44271,38.6,3.13,930.0,64.6,30.5,79.2,13.2,87.2,177,27.9,Low,Normal
FLD-0437,2026-09-18,00:00,Kalyani,22.97992,88.43596,18.6,2.42,662.5,40.8,35.7,75.3,3.1,92.2,422,15.1,Low,Normal
FLD-0438,2026-09-18,06:00,Kalyani,22.97804,88.4358,30.8,2.5,1101.4,42.0,24.1,85.3,10.0,85.6,418,13.7,Low,Normal
FLD-0439,2026-09-18,12:00,Chinsurah,22.9004,88.41173,14.1,2.09,565.9,41.8,34.6,88.2,15.4,75.0,152,8.6,Low,Normal
FLD-0440,2026-09-18,18:00,Hooghly,22.90802,88.38917,22.6,2.49,741.5,54.4,28.3,70.5,4.2,85.7,461,11.6,Low,Normal
FLD-0441,2026-09-19,00:00,Kolkata,22.58089,88.37013,31.5,2.47,1042.6,52.2,28.7,80.7,2.0,79.1,43,18.6,Low,Normal
FLD-0442,2026-09-19,06:00,Kalyani,22.97889,88.43355,9.9,1.87,374.4,36.9,31.7,87.4,4.0,79.5,430,18.2,Low,Normal
FLD-0443,2026-09-19,12:00,Kolkata,22.5716,88.36792,33.7,2.34,1017.8,52.4,31.7,81.0,20.4,87.1,167,18.1,Low,Normal
FLD-0444,2026-09-19,18:00,Kalyani,22.97588,88.42757,139.5,3.56,2701.4,83.8,32.7,85.4,3.5,74.5,928,57.8,Moderate,Watch
FLD-0445,2026-09-20,00:00,Barasat,22.72824,88.47168,46.7,2.63,1231.2,56.2,33.4,62.1,9.4,89.6,196,20.8,Low,Normal
FLD-0446,2026-09-20,06:00,Hooghly,22.8961,88.40091,48.6,2.7,1222.9,55.9,28.9,71.0,1.9,80.0,336,23.8,Low,Normal
FLD-0447,2026-09-20,12:00,Hooghly,22.90321,88.39826,8.4,2.68,562.5,48.3,33.4,69.6,4.7,87.9,73,16.5,Low,Normal
FLD-0448,2026-09-20,18:00,Serampore,22.75044,88.33489,26.5,2.14,726.6,53.2,27.0,83.3,10.7,94.5,170,13.9,Low,Normal
FLD-0449,2026-09-21,00:00,Chinsurah,22.89417,88.40278,19.2,2.19,642.0,40.0,28.0,68.0,9.3,98.0,379,11.4,Low,Normal
FLD-0450,2026-09-21,06:00,Serampore,22.76047,88.34705,2.6,2.48,463.4,43.9,28.4,71.6,18.4,94.1,182,4.0,Low,Normal
FLD-0451,2026-09-21,12:00,Serampore,22.75395,88.33316,10.9,2.78,494.9,45.9,27.3,78.5,12.3,84.5,15,11.8,Low,Normal
FLD-0452,2026-09-21,18:00,Serampore,22.75308,88.35016,6.1,2.25,535.6,42.8,29.2,66.9,4.2,87.2,495,3.6,Low,Normal
FLD-0453,2026-09-22,00:00,Serampore,22.74464,88.3349,6.6,2.0,490.3,51.1,31.9,74.4,7.9,86.1,67,13.8,Low,Normal
FLD-0454,2026-09-22,06:00,Serampore,22.75728,88.34413,6.4,1.92,420.9,41.8,31.1,73.4,6.7,91.4,374,2.7,Low,Normal
FLD-0455,2026-09-22,12:00,Barrackpore,22.76987,88.36503,21.9,1.65,712.0,46.9,27.0,79.5,1.1,80.2,324,17.5,Low,Normal
FLD-0456,2026-09-22,18:00,Hooghly,22.91398,88.39962,28.0,2.05,853.9,41.8,26.8,78.3,24.9,86.3,41,15.1,Low,Normal
FLD-0457,2026-09-23,00:00,Serampore,22.75095,88.33704,7.7,2.14,467.3,49.2,26.3,76.9,9.6,89.0,109,15.2,Low,Normal
FLD-0458,2026-09-23,06:00,Kalyani,22.97631,88.43302,1.9,1.96,456.5,52.0,29.3,73.5,10.8,90.1,40,7.1,Low,Normal
FLD-0459,2026-09-23,12:00,Hooghly,22.9025,88.39625,54.0,2.94,1285.6,53.3,23.9,63.5,14.5,74.8,305,20.3,Low,Normal
FLD-0460,2026-09-23,18:00,Hooghly,22.91046,88.38999,16.9,2.16,597.1,54.0,26.2,74.0,14.6,87.3,467,12.3,Low,Normal
FLD-0461,2026-09-24,00:00,Howrah,22.59523,88.26804,26.7,2.1,921.3,49.3,27.5,74.0,15.7,95.1,5,18.3,Low,Normal
FLD-0462,2026-09-24,06:00,Barrackpore,22.76767,88.36392,12.8,2.29,538.9,29.9,32.4,78.1,7.0,83.6,330,19.9,Low,Normal
FLD-0463,2026-09-24,12:00,Serampore,22.75645,88.33893,1.4,2.9,320.8,44.9,28.6,69.1,6.4,89.4,180,14.9,Low,Normal
FLD-0464,2026-09-24,18:00,Kolkata,22.57372,88.35793,20.3,2.16,467.5,47.8,32.2,73.5,18.9,74.3,272,8.6,Low,Normal
FLD-0465,2026-09-25,00:00,Barasat,22.71832,88.46563,43.5,2.63,1029.3,54.4,29.6,75.1,25.3,83.9,360,17.3,Low,Normal
FLD-0466,2026-09-25,06:00,Chinsurah,22.89516,88.40685,8.8,2.41,424.8,48.5,27.5,67.5,1.9,88.2,184,6.1,Low,Normal
FLD-0467,2026-09-25,12:00,Kalyani,22.98144,88.44848,1.2,1.82,317.1,40.4,27.6,64.0,18.4,88.5,322,5.4,Low,Normal
FLD-0468,2026-09-25,18:00,Kolkata,22.56644,88.36861,5.1,2.51,369.8,56.3,25.3,75.0,7.9,91.7,143,12.4,Low,Normal
FLD-0469,2026-09-26,00:00,Barrackpore,22.7668,88.36688,27.6,1.82,944.9,50.1,36.7,80.7,8.9,82.7,435,14.0,Low,Normal
FLD-0470,2026-09-26,06:00,Barasat,22.7168,88.47942,19.1,2.11,616.1,47.4,32.6,68.8,1.0,92.6,99,7.4,Low,Normal
FLD-0471,2026-09-26,12:00,Barrackpore,22.77317,88.36713,33.7,2.34,887.4,57.0,30.9,72.5,9.4,78.3,89,14.1,Low,Normal
FLD-0472,2026-09-26,18:00,Kalyani,22.96586,88.43728,15.1,2.25,637.4,48.2,24.8,78.7,6.0,94.7,471,13.2,Low,Normal
FLD-0473,2026-09-27,00:00,Hooghly,22.89765,88.38892,24.4,1.64,679.8,67.8,27.6,80.0,1.0,86.1,245,16.7,Low,Normal
FLD-0474,2026-09-27,06:00,Barasat,22.72326,88.48769,150.4,4.48,3213.9,73.6,25.9,82.6,20.1,68.0,188,51.5,Moderate,Watch
FLD-0475,2026-09-27,12:00,Hooghly,22.91039,88.40029,5.5,2.22,529.4,48.6,29.4,75.2,10.7,78.7,417,14.4,Low,Normal
FLD-0476,2026-09-27,18:00,Kalyani,22.97461,88.43831,24.5,2.72,674.0,44.7,26.0,77.2,11.9,78.2,211,21.3,Low,Normal
FLD-0477,2026-09-28,00:00,Kolkata,22.56927,88.36653,27.9,2.94,953.6,56.7,26.9,78.7,20.0,86.5,80,11.9,Low,Normal
FLD-0478,2026-09-28,06:00,Kalyani,22.98629,88.43412,110.8,3.22,2466.5,69.3,26.1,71.1,14.8,69.3,782,46.8,Moderate,Watch
FLD-0479,2026-09-28,12:00,Kolkata,22.56391,88.36794,40.9,1.67,972.6,50.8,28.2,87.9,3.0,88.6,275,18.4,Low,Normal
FLD-0480,2026-09-28,18:00,Barasat,22.70781,88.48455,41.7,2.96,983.9,47.2,29.2,76.4,17.1,84.3,79,25.4,Low,Normal
FLD-0481,2026-09-29,00:00,Barasat,22.72364,88.47888,6.5,1.99,405.1,37.1,28.3,77.5,2.3,78.6,55,5.3,Low,Normal
FLD-0482,2026-09-29,06:00,Serampore,22.74979,88.33686,6.7,1.69,329.8,49.3,33.9,67.1,14.1,91.7,178,10.4,Low,Normal
FLD-0483,2026-09-29,12:00,Barrackpore,22.75987,88.36761,7.0,2.3,398.6,36.7,31.6,71.1,28.7,86.1,308,13.3,Low,Normal
FLD-0484,2026-09-29,18:00,Serampore,22.75705,88.34959,13.6,3.04,554.4,56.9,26.5,75.5,14.2,86.0,48,16.1,Low,Normal
FLD-0485,2026-09-30,00:00,Barrackpore,22.76746,88.35957,61.4,2.78,1506.3,48.4,30.0,63.1,7.3,86.3,259,26.6,Low,Normal
FLD-0486,2026-09-30,06:00,Serampore,22.74942,88.33149,4.4,2.39,436.8,44.6,26.8,66.0,28.1,79.1,273,11.1,Low,Normal
FLD-0487,2026-09-30,12:00,Hooghly,22.89332,88.39699,7.2,1.75,465.2,40.3,27.7,67.4,10.7,80.3,291,5.4,Low,Normal
FLD-0488,2026-09-30,18:00,Barasat,22.72623,88.48131,35.2,1.88,935.2,52.3,30.5,65.2,4.3,85.4,372,13.8,Low,Normal
FLD-0489,2026-10-01,00:00,Kolkata,22.5765,88.36494,1.8,2.34,251.5,45.5,31.1,72.9,5.7,77.6,290,12.1,Low,Normal
FLD-0490,2026-10-01,06:00,Barrackpore,22.7654,88.36846,3.5,2.24,472.8,48.8,27.1,71.7,5.5,83.9,29,10.2,Low,Normal
FLD-0491,2026-10-01,12:00,Kalyani,22.98608,88.43266,52.1,2.53,1344.6,44.7,25.5,85.1,32.3,87.1,373,18.5,Low,Normal
FLD-0492,2026-10-01,18:00,Barrackpore,22.75958,88.37594,48.0,3.24,1152.1,49.3,29.3,67.0,14.0,81.1,251,25.8,Low,Normal
FLD-0493,2026-10-02,00:00,Kolkata,22.56345,88.35429,25.5,1.72,698.9,56.9,30.4,75.2,14.3,76.4,62,16.5,Low,Normal
FLD-0494,2026-10-02,06:00,Serampore,22.74865,88.33533,9.1,1.69,668.9,51.4,27.0,66.4,12.8,88.0,81,9.9,Low,Normal
FLD-0495,2026-10-02,12:00,Barrackpore,22.76573,88.36638,3.5,1.86,437.1,28.2,31.6,60.2,11.3,85.1,404,0.0,Low,Normal
FLD-0496,2026-10-02,18:00,Chinsurah,22.89546,88.39814,59.6,2.67,1463.0,59.6,31.0,79.7,6.5,76.0,435,24.4,Low,Normal
FLD-0497,2026-10-03,00:00,Hooghly,22.89955,88.39494,20.7,2.79,767.5,41.9,26.9,77.9,3.5,98.0,479,12.1,Low,Normal
FLD-0498,2026-10-03,06:00,Barasat,22.72311,88.49097,7.9,2.12,371.2,42.4,32.6,76.3,12.0,90.4,324,16.6,Low,Normal
FLD-0499,2026-10-03,12:00,Kolkata,22.56509,88.36403,19.9,2.2,859.0,47.4,32.7,64.0,27.5,83.7,380,14.0,Low,Normal
FLD-0500,2026-10-03,18:00,Barasat,22.72966,88.48238,5.1,1.62,400.8,56.9,35.6,72.9,11.6,92.7,168,7.4,Low,Normal
FLD-0501,2026-10-04,00:00,Chinsurah,22.89351,88.40044,126.7,4.07,2712.6,63.0,34.5,83.8,21.3,69.8,2490,45.6,Moderate,Watch
FLD-0502,2026-10-04,06:00,Barrackpore,22.7727,88.3633,12.2,1.76,715.4,37.6,26.1,79.4,1.8,83.3,342,9.1,Low,Normal
FLD-0503,2026-10-04,12:00,Barrackpore,22.76806,88.36475,48.9,2.21,1238.9,57.9,32.0,79.3,11.6,83.4,157,24.2,Low,Normal
FLD-0504,2026-10-04,18:00,Kalyani,22.97774,88.43209,7.1,1.95,360.1,46.2,31.8,79.2,6.2,90.1,474,2.2,Low,Normal
FLD-0505,2026-10-05,00:00,Chinsurah,22.89742,88.41569,20.7,2.33,472.8,57.6,27.9,80.7,4.1,90.9,55,16.3,Low,Normal
FLD-0506,2026-10-05,06:00,Kolkata,22.57529,88.36725,6.2,1.83,457.1,43.8,30.5,73.1,23.9,95.7,334,5.6,Low,Normal
FLD-0507,2026-10-05,12:00,Kalyani,22.97886,88.42733,5.4,2.32,471.9,54.6,23.0,75.8,6.8,94.4,424,14.0,Low,Normal
FLD-0508,2026-10-05,18:00,Hooghly,22.90897,88.39748,7.8,2.01,432.8,46.7,22.9,79.5,14.0,92.1,141,13.2,Low,Normal
FLD-0509,2026-10-06,00:00,Kalyani,22.97618,88.43699,15.3,2.57,638.3,51.8,23.5,75.6,8.7,91.8,148,12.4,Low,Normal
FLD-0510,2026-10-06,06:00,Howrah,22.60005,88.27044,44.5,2.77,1194.7,65.3,30.2,83.1,3.0,89.3,375,19.0,Low,Normal
FLD-0511,2026-10-06,12:00,Kolkata,22.57206,88.37338,8.9,2.75,609.6,45.6,30.4,78.7,15.3,91.1,225,13.4,Low,Normal
FLD-0512,2026-10-06,18:00,Howrah,22.60444,88.25751,28.0,2.22,832.0,57.9,28.1,69.3,7.2,74.8,473,22.7,Low,Normal
FLD-0513,2026-10-07,00:00,Chinsurah,22.88994,88.40313,50.5,2.97,1255.2,50.8,34.5,65.9,16.9,84.4,24,26.6,Low,Normal
FLD-0514,2026-10-07,06:00,Serampore,22.76361,88.33275,18.2,1.62,659.5,50.2,32.2,73.2,4.7,93.9,177,8.2,Low,Normal
FLD-0515,2026-10-07,12:00,Howrah,22.59556,88.2622,31.7,3.43,923.1,41.2,23.9,65.6,6.3,79.1,364,19.0,Low,Normal
FLD-0516,2026-10-07,18:00,Hooghly,22.89242,88.3988,7.4,2.38,432.8,43.0,28.4,73.0,13.6,84.7,94,9.4,Low,Normal
FLD-0517,2026-10-08,00:00,Kalyani,22.97577,88.43992,20.3,2.17,663.1,41.6,26.0,73.2,5.0,85.0,52,7.3,Low,Normal
FLD-0518,2026-10-08,06:00,Serampore,22.74871,88.33984,88.4,3.09,1896.1,71.2,30.3,86.4,15.1,77.6,1678,39.2,Moderate,Watch
FLD-0519,2026-10-08,12:00,Kalyani,22.98004,88.43208,4.2,1.97,440.5,58.0,28.9,75.8,1.5,84.1,69,15.6,Low,Normal
FLD-0520,2026-10-08,18:00,Howrah,22.59188,88.26451,6.8,2.73,387.5,43.9,26.2,79.3,3.5,87.5,175,12.2,Low,Normal
FLD-0521,2026-10-09,00:00,Kalyani,22.97232,88.42899,11.8,2.47,516.7,41.9,34.4,69.3,9.9,89.5,131,10.0,Low,Normal
FLD-0522,2026-10-09,06:00,Chinsurah,22.88266,88.42054,8.0,1.95,675.3,37.4,29.2,83.2,14.4,74.9,407,8.3,Low,Normal
FLD-0523,2026-10-09,12:00,Serampore,22.75009,88.33065,12.9,1.74,672.0,49.4,27.7,79.0,10.2,86.8,489,9.1,Low,Normal
FLD-0524,2026-10-09,18:00,Chinsurah,22.87946,88.40911,82.1,3.51,1731.6,57.2,28.2,79.9,13.2,75.0,2026,31.6,Moderate,Watch
FLD-0525,2026-10-10,00:00,Howrah,22.5863,88.27574,47.3,2.92,1287.5,50.6,34.2,62.2,6.9,71.6,338,23.1,Low,Normal
FLD-0526,2026-10-10,06:00,Chinsurah,22.89856,88.40804,30.1,2.65,954.1,62.4,31.9,82.1,1.3,87.5,458,24.2,Low,Normal
FLD-0527,2026-10-10,12:00,Hooghly,22.90571,88.39486,104.7,3.37,2224.5,63.9,28.5,90.7,7.5,76.3,2448,42.6,Moderate,Watch
FLD-0528,2026-10-10,18:00,Howrah,22.59835,88.26146,4.7,1.96,363.6,50.0,25.8,72.4,7.7,88.4,388,6.1,Low,Normal
FLD-0529,2026-10-11,00:00,Howrah,22.59,88.26252,20.9,2.87,643.3,49.5,26.3,73.5,20.1,89.0,337,17.8,Low,Normal
FLD-0530,2026-10-11,06:00,Howrah,22.59551,88.27184,8.1,2.73,518.0,37.1,27.5,68.9,14.9,88.9,450,14.8,Low,Normal
FLD-0531,2026-10-11,12:00,Kolkata,22.57258,88.35063,5.4,2.3,361.8,33.2,30.6,60.9,3.8,82.9,359,4.9,Low,Normal
FLD-0532,2026-10-11,18:00,Kalyani,22.96805,88.4432,28.9,2.72,980.1,54.2,31.4,69.8,1.0,88.6,330,19.5,Low,Normal
FLD-0533,2026-10-12,00:00,Kolkata,22.58162,88.35536,15.6,2.29,769.7,60.1,26.7,84.6,8.6,91.3,212,21.1,Low,Normal
FLD-0534,2026-10-12,06:00,Kolkata,22.57786,88.3623,11.1,1.67,546.0,49.4,31.6,80.2,6.1,80.0,477,9.7,Low,Normal
FLD-0535,2026-10-12,12:00,Hooghly,22.89967,88.39342,18.6,1.91,798.6,53.1,26.1,67.7,26.2,90.9,210,4.0,Low,Normal
FLD-0536,2026-10-12,18:00,Serampore,22.75296,88.34383,7.1,2.5,436.0,40.1,27.0,68.4,20.5,85.4,436,1.3,Low,Normal
FLD-0537,2026-10-13,00:00,Kalyani,22.97625,88.42441,6.8,2.54,401.9,53.5,24.4,87.4,3.0,90.8,344,15.8,Low,Normal
FLD-0538,2026-10-13,06:00,Chinsurah,22.88175,88.41077,8.4,2.48,610.4,53.7,24.3,65.4,14.6,87.8,63,14.1,Low,Normal
FLD-0539,2026-10-13,12:00,Barrackpore,22.76452,88.37915,33.0,2.56,1101.7,46.7,26.1,69.0,13.1,82.7,34,19.0,Low,Normal
FLD-0540,2026-10-13,18:00,Howrah,22.59171,88.25542,115.3,3.92,2622.0,71.9,28.9,75.9,12.8,76.2,909,47.4,Moderate,Watch
FLD-0541,2026-10-14,00:00,Chinsurah,22.88799,88.40914,4.5,2.04,463.7,33.5,25.8,62.8,42.6,85.4,430,1.4,Low,Normal
FLD-0542,2026-10-14,06:00,Howrah,22.59411,88.25963,45.9,2.83,1262.9,59.3,33.8,71.0,8.8,88.5,345,20.1,Low,Normal
FLD-0543,2026-10-14,12:00,Hooghly,22.91179,88.39856,14.6,2.12,644.5,43.9,26.0,69.2,15.8,93.6,310,12.4,Low,Normal
FLD-0544,2026-10-14,18:00,Howrah,22.59965,88.26371,94.1,2.88,2183.8,55.2,29.6,71.3,17.3,72.5,164,36.2,Moderate,Watch
FLD-0545,2026-10-15,00:00,Kolkata,22.56917,88.36005,8.1,2.41,539.4,49.4,33.2,81.8,12.1,85.9,111,12.9,Low,Normal
FLD-0546,2026-10-15,06:00,Kalyani,22.97844,88.43693,15.2,2.65,704.9,35.6,29.3,64.7,26.0,83.8,324,7.4,Low,Normal
FLD-0547,2026-10-15,12:00,Barrackpore,22.7744,88.37783,5.3,2.94,332.3,48.5,27.8,71.3,10.9,89.6,466,15.7,Low,Normal
FLD-0548,2026-10-15,18:00,Barasat,22.72655,88.47985,7.6,2.19,464.1,38.6,29.5,66.3,16.7,94.9,90,8.7,Low,Normal
FLD-0549,2026-10-16,00:00,Howrah,22.59616,88.26792,27.3,2.0,922.0,41.0,27.2,72.2,5.5,74.5,293,9.9,Low,Normal
FLD-0550,2026-10-16,06:00,Chinsurah,22.89012,88.40024,27.7,2.25,921.1,51.0,25.8,67.2,3.5,75.9,28,8.7,Low,Normal
FLD-0551,2026-10-16,12:00,Kolkata,22.57679,88.35816,21.3,2.24,823.4,48.1,31.0,73.8,13.6,84.7,11,16.9,Low,Normal
FLD-0552,2026-10-16,18:00,Barasat,22.72336,88.48383,10.5,2.19,551.8,57.3,27.1,74.9,9.1,87.7,146,11.0,Low,Normal
FLD-0553,2026-10-17,00:00,Barrackpore,22.77137,88.3759,4.4,2.22,363.9,36.9,32.0,82.1,9.5,81.8,136,11.0,Low,Normal
FLD-0554,2026-10-17,06:00,Barasat,22.72481,88.48313,35.7,2.6,987.5,61.8,31.5,70.0,7.4,84.4,337,21.3,Low,Normal
FLD-0555,2026-10-17,12:00,Kolkata,22.5789,88.36202,29.2,2.66,879.5,42.9,29.5,85.1,16.5,79.8,156,14.1,Low,Normal
FLD-0556,2026-10-17,18:00,Kalyani,22.97179,88.434,2.2,2.1,413.3,51.9,32.1,66.5,10.7,85.0,258,11.9,Low,Normal
FLD-0557,2026-10-18,00:00,Kalyani,22.9829,88.4265,28.0,1.6,758.0,58.4,27.3,72.0,34.8,92.0,86,9.0,Low,Normal
FLD-0558,2026-10-18,06:00,Serampore,22.75399,88.34393,11.1,2.23,523.6,49.5,31.5,85.0,10.5,84.5,157,7.6,Low,Normal
FLD-0559,2026-10-18,12:00,Kalyani,22.98745,88.43929,24.7,2.36,786.3,44.4,31.5,93.8,12.5,82.6,493,10.4,Low,Normal
FLD-0560,2026-10-18,18:00,Serampore,22.74866,88.33759,3.6,2.24,190.7,35.1,28.0,84.0,17.9,88.3,185,9.3,Low,Normal
FLD-0561,2026-10-19,00:00,Barasat,22.73142,88.47818,8.5,1.99,586.2,33.0,27.6,70.9,13.5,93.4,343,14.2,Low,Normal
FLD-0562,2026-10-19,06:00,Hooghly,22.90219,88.3976,16.1,2.29,656.7,61.2,30.1,76.6,3.6,85.6,308,16.2,Low,Normal
FLD-0563,2026-10-19,12:00,Chinsurah,22.89009,88.40538,47.3,2.83,1227.8,52.4,35.3,79.6,8.2,78.5,1774,31.1,Moderate,Watch
FLD-0564,2026-10-19,18:00,Chinsurah,22.8911,88.4076,16.2,2.16,589.3,40.5,28.3,75.4,5.2,89.4,228,17.1,Low,Normal
FLD-0565,2026-10-20,00:00,Barasat,22.71908,88.4936,32.1,2.66,986.0,43.4,27.6,66.9,13.0,88.7,3,19.1,Low,Normal
FLD-0566,2026-10-20,06:00,Howrah,22.59834,88.26212,17.9,2.26,588.3,49.7,32.8,74.7,11.4,92.5,56,19.5,Low,Normal
FLD-0567,2026-10-20,12:00,Howrah,22.59894,88.26145,17.4,2.29,595.4,45.7,29.2,69.5,17.1,85.5,437,18.7,Low,Normal
FLD-0568,2026-10-20,18:00,Kalyani,22.97156,88.43011,22.2,1.27,811.6,36.0,31.8,66.6,18.7,88.0,27,12.5,Low,Normal
FLD-0569,2026-10-21,00:00,Chinsurah,22.89385,88.41247,14.3,1.79,643.7,53.9,33.7,70.7,5.2,90.9,15,3.3,Low,Normal
FLD-0570,2026-10-21,06:00,Chinsurah,22.90685,88.40691,26.8,1.96,704.6,52.7,22.9,75.8,18.4,85.6,12,13.2,Low,Normal
FLD-0571,2026-10-21,12:00,Serampore,22.76317,88.3364,5.7,2.15,610.5,59.0,28.9,79.4,20.3,95.2,199,10.0,Low,Normal
FLD-0572,2026-10-21,18:00,Hooghly,22.90362,88.40393,14.4,2.64,533.5,55.9,28.3,71.1,4.3,90.0,183,20.2,Low,Normal
FLD-0573,2026-10-22,00:00,Kolkata,22.57283,88.37242,50.0,2.63,1236.5,33.3,25.9,74.4,12.5,92.8,308,17.4,Low,Normal
FLD-0574,2026-10-22,06:00,Howrah,22.59652,88.26,33.0,2.74,1118.6,61.5,22.9,79.6,22.8,89.2,303,28.9,Low,Normal
FLD-0575,2026-10-22,12:00,Chinsurah,22.89768,88.3968,19.0,2.48,486.9,57.3,23.9,73.6,8.1,74.0,280,17.5,Low,Normal
FLD-0576,2026-10-22,18:00,Serampore,22.74666,88.34635,29.9,2.45,717.9,45.8,29.3,76.5,9.6,81.7,321,16.5,Low,Normal
FLD-0577,2026-10-23,00:00,Barrackpore,22.76446,88.36289,41.4,2.75,1139.6,50.3,27.3,75.0,12.4,72.9,157,20.9,Low,Normal
FLD-0578,2026-10-23,06:00,Serampore,22.74279,88.34504,1.8,2.11,150.0,48.2,26.4,73.5,10.6,83.9,359,9.3,Low,Normal
FLD-0579,2026-10-23,12:00,Howrah,22.5982,88.25178,12.0,2.11,361.8,40.3,29.3,65.2,11.1,84.2,258,10.5,Low,Normal
FLD-0580,2026-10-23,18:00,Howrah,22.59968,88.26896,8.5,2.25,620.0,45.0,26.8,73.4,14.7,92.1,406,11.0,Low,Normal
FLD-0581,2026-10-24,00:00,Serampore,22.7499,88.33303,3.9,2.56,379.2,52.8,33.1,82.2,15.1,84.9,156,12.5,Low,Normal
FLD-0582,2026-10-24,06:00,Kolkata,22.58204,88.36828,54.8,2.9,1555.6,59.6,27.0,76.5,9.3,89.2,424,24.5,Low,Normal
FLD-0583,2026-10-24,12:00,Barasat,22.71365,88.48109,22.9,2.38,659.1,44.9,33.8,67.5,27.7,81.0,93,21.7,Low,Normal
FLD-0584,2026-10-24,18:00,Howrah,22.58701,88.25788,29.2,2.08,843.6,58.0,28.9,84.1,5.2,82.5,266,25.4,Low,Normal
FLD-0585,2026-10-25,00:00,Serampore,22.75415,88.33786,56.4,3.25,1419.0,58.4,26.9,80.4,16.8,73.2,20,27.6,Low,Normal
FLD-0586,2026-10-25,06:00,Chinsurah,22.90028,88.41212,11.8,1.66,609.5,49.2,26.7,78.1,1.0,95.1,126,12.6,Low,Normal
FLD-0587,2026-10-25,12:00,Serampore,22.7629,88.34094,14.9,1.6,593.4,44.4,33.8,78.1,10.1,95.5,346,5.1,Low,Normal
FLD-0588,2026-10-25,18:00,Hooghly,22.89825,88.39951,20.1,2.4,647.4,49.0,31.2,65.3,1.0,84.6,407,12.9,Low,Normal
FLD-0589,2026-10-26,00:00,Barasat,22.72747,88.49286,26.1,2.04,842.9,44.8,26.6,78.1,10.5,75.7,499,10.6,Low,Normal
FLD-0590,2026-10-26,06:00,Barrackpore,22.76577,88.35761,24.9,2.71,936.5,36.4,29.4,83.2,13.4,83.5,350,21.2,Low,Normal
FLD-0591,2026-10-26,12:00,Kolkata,22.57156,88.3736,12.4,1.58,650.3,45.5,21.5,69.4,7.6,87.8,349,10.3,Low,Normal
FLD-0592,2026-10-26,18:00,Kalyani,22.9803,88.43463,42.5,2.9,1052.0,52.6,24.7,61.1,9.8,78.7,448,24.5,Low,Normal
FLD-0593,2026-10-27,00:00,Barrackpore,22.76991,88.36161,36.9,2.78,914.3,53.3,26.6,76.8,15.9,97.3,384,23.1,Low,Normal
FLD-0594,2026-10-27,06:00,Barasat,22.71154,88.47302,18.6,2.29,616.4,57.2,26.5,73.3,1.0,96.5,437,10.7,Low,Normal
FLD-0595,2026-10-27,12:00,Barasat,22.72986,88.47987,15.4,1.47,499.4,43.5,32.9,62.1,6.6,75.5,455,6.8,Low,Normal
FLD-0596,2026-10-27,18:00,Barasat,22.72928,88.48653,11.7,1.55,575.1,44.8,22.9,76.9,23.2,79.6,111,11.0,Low,Normal
FLD-0597,2026-10-28,00:00,Barrackpore,22.76225,88.36623,20.2,2.35,795.2,54.4,24.4,76.9,3.6,88.1,233,14.6,Low,Normal
FLD-0598,2026-10-28,06:00,Chinsurah,22.89637,88.41707,55.8,2.66,1347.2,50.9,30.4,65.1,5.7,74.3,33,23.7,Low,Normal
FLD-0599,2026-10-28,12:00,Barasat,22.72396,88.47229,15.7,2.46,803.7,49.2,29.7,86.2,1.4,87.1,79,12.9,Low,Normal
FLD-0600,2026-10-28,18:00,Serampore,22.75436,88.34023,9.4,2.1,697.0,44.0,27.9,77.8,6.6,86.8,474,16.9,Low,Normal
FLD-0601,2026-10-29,00:00,Barrackpore,22.7627,88.35949,15.4,2.15,657.7,46.4,35.6,59.7,9.0,85.8,451,15.1,Low,Normal
FLD-0602,2026-10-29,06:00,Kalyani,22.97097,88.43618,18.9,1.4,760.5,54.1,31.0,78.9,41.6,91.7,82,15.8,Low,Normal
FLD-0603,2026-10-29,12:00,Barasat,22.72085,88.48632,5.3,2.36,356.2,43.5,32.9,77.8,12.8,98.0,28,12.8,Low,Normal
FLD-0604,2026-10-29,18:00,Serampore,22.75984,88.33778,4.1,1.83,387.3,51.4,28.8,82.1,6.9,89.8,488,5.3,Low,Normal
FLD-0605,2026-10-30,00:00,Chinsurah,22.89726,88.39237,50.4,2.53,1384.5,41.4,27.3,70.7,2.4,74.2,130,19.3,Low,Normal
FLD-0606,2026-10-30,06:00,Hooghly,22.89878,88.39719,42.5,2.19,1056.2,43.5,27.3,80.4,5.7,83.3,10,14.8,Low,Normal
FLD-0607,2026-10-30,12:00,Chinsurah,22.89863,88.41062,34.2,1.92,1114.1,35.6,32.0,72.4,4.8,80.1,391,12.7,Low,Normal
FLD-0608,2026-10-30,18:00,Kalyani,22.95791,88.43643,3.1,2.56,517.9,37.5,31.5,68.3,1.1,98.0,61,14.0,Low,Normal
FLD-0609,2026-10-31,00:00,Barasat,22.72789,88.48841,6.6,2.37,543.3,59.3,28.3,66.3,3.5,91.3,358,7.3,Low,Normal
FLD-0610,2026-10-31,06:00,Kalyani,22.96456,88.42757,25.8,2.63,696.8,50.0,30.5,60.2,7.1,87.1,32,13.5,Low,Normal
FLD-0611,2026-10-31,12:00,Barrackpore,22.76383,88.37108,10.7,2.07,511.2,42.1,32.1,76.4,7.9,90.5,135,8.6,Low,Normal
FLD-0612,2026-10-31,18:00,Howrah,22.58908,88.27076,21.0,1.67,792.7,54.7,27.2,71.3,15.7,85.0,408,7.0,Low,Normal
FLD-0613,2026-11-01,00:00,Barasat,22.71323,88.47033,3.4,2.78,311.8,52.1,27.9,53.1,23.9,95.1,87,12.5,Low,Normal
FLD-0614,2026-11-01,06:00,Howrah,22.60276,88.26552,15.1,2.35,603.5,39.5,30.4,73.4,7.8,82.6,409,11.3,Low,Normal
FLD-0615,2026-11-01,12:00,Serampore,22.74999,88.33727,13.9,2.23,676.3,65.3,23.3,80.9,17.2,91.9,409,20.3,Low,Normal
FLD-0616,2026-11-01,18:00,Hooghly,22.90308,88.39551,29.3,2.26,820.4,52.8,30.5,64.6,6.9,93.7,16,13.7,Low,Normal
FLD-0617,2026-11-02,00:00,Kolkata,22.57232,88.36599,20.1,1.55,627.7,51.8,25.4,68.2,4.5,80.5,90,12.5,Low,Normal
FLD-0618,2026-11-02,06:00,Kalyani,22.97786,88.43108,16.7,2.62,470.9,51.8,32.0,76.1,15.2,87.9,412,16.0,Low,Normal
FLD-0619,2026-11-02,12:00,Chinsurah,22.89446,88.40395,2.6,1.66,357.3,49.0,35.9,54.2,6.8,90.2,298,0.0,Low,Normal
FLD-0620,2026-11-02,18:00,Hooghly,22.8933,88.3962,51.1,2.87,1346.4,50.9,26.8,71.3,5.0,74.9,486,18.8,Low,Normal
FLD-0621,2026-11-03,00:00,Barasat,22.72698,88.47448,24.5,2.6,703.4,64.7,24.7,75.9,4.3,76.6,252,21.7,Low,Normal
FLD-0622,2026-11-03,06:00,Howrah,22.59284,88.25709,8.2,2.23,498.7,44.6,28.4,68.6,2.1,81.4,72,12.7,Low,Normal
FLD-0623,2026-11-03,12:00,Chinsurah,22.88466,88.41208,46.7,2.79,1167.4,61.0,28.2,65.7,9.8,81.6,205,23.1,Low,Normal
FLD-0624,2026-11-03,18:00,Howrah,22.59323,88.25671,11.0,2.62,480.7,43.9,31.1,63.9,6.0,89.1,260,17.8,Low,Normal
FLD-0625,2026-11-04,00:00,Barrackpore,22.775,88.371,146.8,3.68,3076.0,69.8,29.7,69.5,17.6,66.7,1208,51.4,Moderate,Watch
FLD-0626,2026-11-04,06:00,Howrah,22.6009,88.26638,33.8,2.51,1123.1,65.1,28.1,69.6,28.0,95.2,477,26.2,Low,Normal
FLD-0627,2026-11-04,12:00,Barrackpore,22.76391,88.35665,6.5,2.01,568.1,45.5,29.3,79.8,4.3,93.3,311,0.2,Low,Normal
FLD-0628,2026-11-04,18:00,Serampore,22.7507,88.33623,25.2,1.69,734.2,49.8,25.4,90.0,2.8,87.4,446,20.1,Low,Normal
FLD-0629,2026-11-05,00:00,Chinsurah,22.89207,88.41516,34.8,2.56,1175.8,53.9,31.7,74.3,24.4,80.9,312,18.1,Low,Normal
FLD-0630,2026-11-05,06:00,Chinsurah,22.90646,88.40211,22.5,2.74,854.7,67.7,34.2,78.7,10.6,85.5,219,21.2,Low,Normal
FLD-0631,2026-11-05,12:00,Kolkata,22.57489,88.36111,13.3,2.66,542.8,62.8,25.2,66.2,10.3,92.9,172,20.7,Low,Normal
FLD-0632,2026-11-05,18:00,Barasat,22.72358,88.48377,7.6,2.75,410.1,55.5,23.9,57.8,12.0,92.5,164,5.1,Low,Normal
FLD-0633,2026-11-06,00:00,Barrackpore,22.77218,88.3717,8.6,1.49,617.4,66.7,27.7,85.5,19.7,92.3,327,10.6,Low,Normal
FLD-0634,2026-11-06,06:00,Kolkata,22.57403,88.36239,16.7,2.79,667.3,41.7,25.1,68.8,19.6,84.0,334,19.3,Low,Normal
FLD-0635,2026-11-06,12:00,Howrah,22.59425,88.26001,15.6,2.27,546.2,52.7,24.9,78.0,14.7,82.8,219,12.1,Low,Normal
FLD-0636,2026-11-06,18:00,Howrah,22.59462,88.27213,27.5,2.93,829.6,51.0,24.5,74.8,3.5,75.9,291,24.2,Low,Normal
FLD-0637,2026-11-07,00:00,Kolkata,22.57217,88.37433,3.6,1.91,374.5,33.3,28.4,79.2,1.7,90.7,160,9.8,Low,Normal
FLD-0638,2026-11-07,06:00,Chinsurah,22.89378,88.41387,33.5,2.26,871.2,54.9,27.7,80.7,3.6,74.5,389,19.7,Low,Normal
FLD-0639,2026-11-07,12:00,Howrah,22.60017,88.26411,73.7,2.56,1777.8,56.3,30.2,78.4,2.2,78.3,247,30.3,Moderate,Normal
FLD-0640,2026-11-07,18:00,Kalyani,22.97531,88.42915,84.1,3.39,1942.4,72.6,27.2,79.8,15.9,74.5,1127,42.5,Moderate,Watch
FLD-0641,2026-11-08,00:00,Serampore,22.7572,88.33532,12.6,2.35,660.4,44.8,25.1,81.2,5.6,87.7,459,15.9,Low,Normal
FLD-0642,2026-11-08,06:00,Serampore,22.75232,88.34344,13.6,1.79,676.7,44.6,28.9,69.9,14.5,93.2,70,12.8,Low,Normal
FLD-0643,2026-11-08,12:00,Kalyani,22.97547,88.43651,16.2,1.46,550.4,59.0,25.6,83.9,9.5,94.0,428,7.2,Low,Normal
FLD-0644,2026-11-08,18:00,Kolkata,22.56061,88.37231,11.8,2.3,502.0,46.9,30.6,67.8,5.6,90.7,91,13.9,Low,Normal
FLD-0645,2026-11-09,00:00,Kalyani,22.9805,88.4379,1.9,2.21,529.7,53.5,23.7,72.6,4.3,83.2,390,14.2,Low,Normal
FLD-0646,2026-11-09,06:00,Barrackpore,22.76808,88.35798,13.3,1.83,600.8,50.6,22.1,77.2,5.2,86.1,360,15.8,Low,Normal
FLD-0647,2026-11-09,12:00,Barrackpore,22.77199,88.37331,17.0,1.81,508.6,51.5,23.8,61.6,2.9,80.6,320,6.1,Low,Normal
FLD-0648,2026-11-09,18:00,Kolkata,22.55522,88.35791,36.0,2.71,1020.3,50.5,27.7,83.8,28.5,79.4,244,25.6,Low,Normal
FLD-0649,2026-11-10,00:00,Kalyani,22.98753,88.4317,6.5,2.74,531.7,49.8,28.1,75.7,8.7,90.1,23,11.1,Low,Normal
FLD-0650,2026-11-10,06:00,Barrackpore,22.76516,88.3685,46.0,2.44,1230.1,53.3,29.4,97.9,9.5,76.2,996,33.0,Moderate,Watch
FLD-0651,2026-11-10,12:00,Chinsurah,22.90065,88.41997,11.1,1.84,456.8,41.6,27.2,87.2,9.3,83.8,188,6.7,Low,Normal
FLD-0652,2026-11-10,18:00,Kalyani,22.96876,88.45266,7.2,2.2,668.3,45.7,26.3,72.4,15.6,80.6,402,7.5,Low,Normal
FLD-0653,2026-11-11,00:00,Chinsurah,22.89768,88.41164,24.5,2.55,640.7,58.9,33.6,86.0,4.8,88.8,372,17.3,Low,Normal
FLD-0654,2026-11-11,06:00,Barrackpore,22.75968,88.3659,10.1,2.01,543.0,50.8,32.7,78.5,20.4,84.5,415,16.2,Low,Normal
FLD-0655,2026-11-11,12:00,Serampore,22.74906,88.34351,14.5,2.9,784.4,53.3,32.2,74.5,7.3,72.8,285,20.8,Low,Normal
FLD-0656,2026-11-11,18:00,Barrackpore,22.77748,88.37233,61.0,3.13,1507.1,57.2,30.0,64.0,7.1,89.9,995,33.2,Moderate,Watch
FLD-0657,2026-11-12,00:00,Chinsurah,22.89286,88.40608,23.5,2.18,856.5,36.1,30.2,63.4,22.5,91.0,415,10.1,Low,Normal
FLD-0658,2026-11-12,06:00,Hooghly,22.9023,88.40677,14.2,1.63,499.4,39.3,26.4,72.9,4.8,74.1,440,7.1,Low,Normal
FLD-0659,2026-11-12,12:00,Barasat,22.72622,88.48238,13.0,2.63,617.9,45.6,29.5,69.3,12.5,90.7,403,10.9,Low,Normal
FLD-0660,2026-11-12,18:00,Howrah,22.59877,88.26659,10.9,2.56,542.6,39.2,26.0,74.2,9.2,95.7,340,9.7,Low,Normal
FLD-0661,2026-11-13,00:00,Kalyani,22.9759,88.438,21.8,2.19,630.0,45.7,25.6,82.9,5.5,84.0,82,8.6,Low,Normal
FLD-0662,2026-11-13,06:00,Hooghly,22.90319,88.39853,9.7,2.25,610.5,43.0,23.8,78.6,13.9,87.6,221,9.4,Low,Normal
FLD-0663,2026-11-13,12:00,Barrackpore,22.78042,88.37203,36.9,2.44,931.4,48.7,30.3,69.3,3.3,81.3,369,13.1,Low,Normal
FLD-0664,2026-11-13,18:00,Serampore,22.75245,88.3366,15.4,2.39,557.1,58.1,29.5,79.4,5.5,89.1,475,18.4,Low,Normal
FLD-0665,2026-11-14,00:00,Kolkata,22.57381,88.36055,2.7,1.68,442.2,45.2,28.0,65.8,10.0,93.8,351,12.1,Low,Normal
FLD-0666,2026-11-14,06:00,Barrackpore,22.7723,88.3604,18.9,1.84,675.8,55.3,27.6,65.1,25.8,78.4,413,13.7,Low,Normal
FLD-0667,2026-11-14,12:00,Serampore,22.75943,88.34294,21.2,2.57,749.2,50.4,23.1,75.9,24.3,81.0,342,14.4,Low,Normal
FLD-0668,2026-11-14,18:00,Barasat,22.72812,88.48567,37.1,2.82,998.0,62.3,29.8,68.5,12.6,83.8,218,25.1,Low,Normal
FLD-0669,2026-11-15,00:00,Barrackpore,22.76983,88.36975,8.0,1.93,634.5,53.7,28.0,68.0,7.5,88.8,484,10.7,Low,Normal
FLD-0670,2026-11-15,06:00,Chinsurah,22.88714,88.41805,6.9,1.83,382.5,42.2,31.9,79.4,1.3,89.5,442,12.4,Low,Normal
FLD-0671,2026-11-15,12:00,Kolkata,22.5824,88.36387,24.1,2.72,736.5,63.5,29.5,78.0,17.3,83.7,217,16.4,Low,Normal
FLD-0672,2026-11-15,18:00,Serampore,22.74592,88.34431,114.8,3.28,2464.7,64.8,31.3,76.3,19.0,67.8,261,37.6,Moderate,Watch
FLD-0673,2026-11-16,00:00,Serampore,22.75462,88.33375,7.7,2.12,389.4,47.9,29.0,61.1,12.5,92.9,66,12.0,Low,Normal
FLD-0674,2026-11-16,06:00,Serampore,22.74827,88.33798,18.4,2.22,577.8,51.3,29.6,68.0,7.7,78.3,30,14.0,Low,Normal
FLD-0675,2026-11-16,12:00,Barasat,22.72062,88.48517,14.3,1.68,622.0,51.3,32.0,86.5,16.3,83.2,321,15.5,Low,Normal
FLD-0676,2026-11-16,18:00,Barrackpore,22.76797,88.37209,7.9,2.17,579.3,52.2,28.4,79.2,9.0,87.1,249,9.4,Low,Normal
FLD-0677,2026-11-17,00:00,Barasat,22.72293,88.47924,13.7,2.22,696.2,42.4,30.5,82.8,8.2,89.1,53,14.4,Low,Normal
FLD-0678,2026-11-17,06:00,Kalyani,22.97753,88.43357,31.5,2.55,925.7,56.3,27.6,75.7,2.2,82.2,9,21.7,Low,Normal
FLD-0679,2026-11-17,12:00,Howrah,22.60548,88.25449,15.5,2.26,560.9,52.2,28.6,70.5,15.7,90.5,165,6.9,Low,Normal
FLD-0680,2026-11-17,18:00,Howrah,22.59852,88.26146,162.7,4.92,3306.8,77.6,34.1,88.1,10.3,74.3,1782,60.8,High,Watch
FLD-0681,2026-11-18,00:00,Kalyani,22.97354,88.43934,23.2,2.72,823.6,48.3,31.0,82.4,24.2,81.3,414,10.5,Low,Normal
FLD-0682,2026-11-18,06:00,Barrackpore,22.77178,88.37045,33.5,2.46,978.3,46.0,27.3,70.6,5.9,86.0,284,22.9,Low,Normal
FLD-0683,2026-11-18,12:00,Chinsurah,22.90114,88.411,6.4,2.13,587.7,49.6,30.4,67.4,4.5,88.7,152,5.6,Low,Normal
FLD-0684,2026-11-18,18:00,Barasat,22.71363,88.4813,19.0,2.87,589.8,44.2,24.9,62.5,18.9,83.5,31,14.9,Low,Normal
FLD-0685,2026-11-19,00:00,Kolkata,22.57618,88.36394,11.2,2.45,482.0,48.9,28.3,67.5,21.6,75.1,16,14.1,Low,Normal
FLD-0686,2026-11-19,06:00,Serampore,22.75701,88.33634,15.5,1.78,738.6,47.4,25.9,77.6,9.4,88.1,370,7.2,Low,Normal
FLD-0687,2026-11-19,12:00,Serampore,22.75101,88.34449,24.5,2.66,643.3,40.6,30.4,69.3,16.8,87.6,300,22.2,Low,Normal
FLD-0688,2026-11-19,18:00,Barrackpore,22.77425,88.36953,11.9,2.59,511.1,40.9,28.4,79.2,7.3,93.0,304,10.2,Low,Normal
FLD-0689,2026-11-20,00:00,Chinsurah,22.8931,88.41095,14.1,2.75,530.1,50.6,29.9,86.6,7.6,84.2,342,16.1,Low,Normal
FLD-0690,2026-11-20,06:00,Howrah,22.59655,88.26044,29.7,2.26,728.5,47.3,31.5,74.0,12.6,80.1,145,13.0,Low,Normal
FLD-0691,2026-11-20,12:00,Howrah,22.59476,88.25068,20.9,2.11,706.8,45.3,27.5,73.1,7.6,79.8,74,10.7,Low,Normal
FLD-0692,2026-11-20,18:00,Serampore,22.75289,88.34688,13.8,1.85,673.4,42.4,27.6,76.7,11.3,68.2,378,11.7,Low,Normal
FLD-0693,2026-11-21,00:00,Barrackpore,22.75942,88.36413,16.7,2.33,665.9,43.2,28.9,69.0,10.1,83.4,123,15.9,Low,Normal
FLD-0694,2026-11-21,06:00,Barasat,22.71236,88.47582,15.8,2.47,713.8,59.7,26.2,68.4,3.7,98.0,51,15.6,Low,Normal
FLD-0695,2026-11-21,12:00,Howrah,22.60537,88.26776,2.5,1.85,514.1,37.7,29.0,67.8,11.2,95.3,403,3.1,Low,Normal
FLD-0696,2026-11-21,18:00,Barasat,22.71592,88.47865,16.9,2.18,615.6,58.7,29.1,65.0,3.8,79.9,189,14.5,Low,Normal
FLD-0697,2026-11-22,00:00,Chinsurah,22.88805,88.41436,4.6,1.34,696.6,43.6,29.7,78.6,15.9,84.3,140,2.5,Low,Normal
FLD-0698,2026-11-22,06:00,Howrah,22.58288,88.2673,32.8,2.97,906.1,47.0,30.3,70.5,19.1,80.6,87,24.9,Low,Normal
FLD-0699,2026-11-22,12:00,Howrah,22.59197,88.2677,4.4,1.51,408.8,48.6,23.9,80.0,8.3,95.8,426,4.8,Low,Normal
FLD-0700,2026-11-22,18:00,Hooghly,22.89306,88.3878,10.8,2.27,472.8,47.5,24.9,76.4,25.9,98.0,83,9.4,Low,Normal
FLD-0701,2026-11-23,00:00,Howrah,22.60565,88.27087,9.1,2.21,568.8,45.4,25.3,72.4,21.3,87.4,242,3.6,Low,Normal
FLD-0702,2026-11-23,06:00,Kalyani,22.98106,88.43557,41.3,2.57,1064.3,54.8,29.3,80.1,11.4,84.2,105,19.2,Low,Normal
FLD-0703,2026-11-23,12:00,Kolkata,22.56847,88.36168,31.9,2.45,916.0,51.6,28.1,67.3,7.7,87.0,91,23.9,Low,Normal
FLD-0704,2026-11-23,18:00,Kalyani,22.98851,88.43486,1.1,1.66,348.5,43.7,21.7,66.6,18.0,87.8,354,8.4,Low,Normal
FLD-0705,2026-11-24,00:00,Barrackpore,22.77189,88.35634,14.9,2.08,594.7,54.5,35.2,77.9,26.2,87.8,20,17.8,Low,Normal
FLD-0706,2026-11-24,06:00,Barrackpore,22.76405,88.36945,45.0,2.94,1176.2,43.9,22.6,59.3,12.0,82.4,5,21.2,Low,Normal
FLD-0707,2026-11-24,12:00,Barasat,22.706,88.47482,16.9,2.67,610.0,42.0,29.1,73.1,29.0,88.7,454,3.9,Low,Normal
FLD-0708,2026-11-24,18:00,Kalyani,22.98875,88.42588,24.1,2.17,743.2,44.3,30.8,77.6,6.4,72.9,220,15.5,Low,Normal
FLD-0709,2026-11-25,00:00,Kalyani,22.96666,88.42487,18.0,1.69,781.9,41.2,26.7,82.3,14.9,82.8,308,11.8,Low,Normal
FLD-0710,2026-11-25,06:00,Kalyani,22.96513,88.44068,25.1,2.06,773.0,50.6,31.0,84.1,9.4,77.6,86,19.5,Low,Normal
FLD-0711,2026-11-25,12:00,Chinsurah,22.90014,88.40422,12.2,2.81,608.1,51.0,25.8,71.8,4.3,90.6,179,15.6,Low,Normal
FLD-0712,2026-11-25,18:00,Howrah,22.61044,88.2728,18.5,1.99,593.4,35.0,29.5,78.5,6.9,80.9,452,7.8,Low,Normal
FLD-0713,2026-11-26,00:00,Kolkata,22.58091,88.36069,24.5,2.29,746.6,46.6,22.0,67.8,19.0,75.4,341,14.9,Low,Normal
FLD-0714,2026-11-26,06:00,Barasat,22.72438,88.47076,10.4,2.63,414.2,44.8,32.8,69.5,8.6,75.9,392,12.8,Low,Normal
FLD-0715,2026-11-26,12:00,Kalyani,22.97857,88.4273,75.7,2.83,1898.8,58.1,29.0,86.1,6.2,80.8,1211,32.8,Moderate,Watch
FLD-0716,2026-11-26,18:00,Kalyani,22.98012,88.44141,8.7,2.06,644.1,37.7,23.9,72.2,22.0,81.3,245,9.8,Low,Normal
FLD-0717,2026-11-27,00:00,Hooghly,22.90555,88.39506,13.7,2.46,655.7,45.5,31.0,73.9,18.6,85.4,457,10.0,Low,Normal
FLD-0718,2026-11-27,06:00,Barasat,22.72269,88.47771,15.2,2.8,838.3,41.7,34.2,65.7,7.1,95.5,173,16.6,Low,Normal
FLD-0719,2026-11-27,12:00,Kalyani,22.97563,88.43496,19.3,2.03,773.6,46.5,26.0,76.1,30.0,87.7,490,9.8,Low,Normal
FLD-0720,2026-11-27,18:00,Barasat,22.72062,88.48401,8.0,2.59,476.1,34.6,28.3,77.8,9.0,83.9,112,11.0,Low,Normal
FLD-0721,2026-11-28,00:00,Howrah,22.59128,88.2703,25.0,2.23,837.3,47.7,27.4,78.6,12.0,77.7,475,14.3,Low,Normal
FLD-0722,2026-11-28,06:00,Hooghly,22.89932,88.40469,47.6,2.33,1343.5,49.5,26.5,66.4,10.0,84.4,458,20.5,Low,Normal
FLD-0723,2026-11-28,12:00,Barasat,22.71084,88.47884,9.2,2.21,427.3,45.0,26.2,79.6,4.9,86.0,70,6.2,Low,Normal
FLD-0724,2026-11-28,18:00,Kolkata,22.57201,88.35594,87.3,2.76,1804.6,64.6,26.9,70.3,8.4,80.1,1693,31.3,Moderate,Watch
FLD-0725,2026-11-29,00:00,Kolkata,22.56667,88.36142,51.9,2.86,1324.2,55.1,27.1,74.9,9.3,67.0,298,30.5,Moderate,Normal
FLD-0726,2026-11-29,06:00,Barrackpore,22.75938,88.36856,15.1,3.3,563.8,53.6,27.9,61.6,1.7,92.9,236,18.3,Low,Normal
FLD-0727,2026-11-29,12:00,Hooghly,22.90208,88.39022,13.4,2.57,364.4,45.1,27.6,71.5,11.6,76.0,186,11.5,Low,Normal
FLD-0728,2026-11-29,18:00,Hooghly,22.90935,88.39026,8.6,2.08,380.3,51.1,31.4,65.5,17.1,84.0,242,9.2,Low,Normal
FLD-0729,2026-11-30,00:00,Barrackpore,22.77151,88.36906,27.6,2.74,816.0,58.4,31.2,70.5,3.8,92.7,165,19.8,Low,Normal
FLD-0730,2026-11-30,06:00,Barasat,22.71158,88.48071,123.5,3.32,2578.4,71.6,24.1,79.8,15.1,58.5,730,47.3,Moderate,Watch
FLD-0731,2026-11-30,12:00,Hooghly,22.89506,88.3962,17.2,1.96,667.9,48.3,27.1,78.8,19.7,85.2,254,18.6,Low,Normal
FLD-0732,2026-11-30,18:00,Kolkata,22.57824,88.35935,7.2,2.07,680.9,49.3,33.0,78.0,1.0,85.4,301,5.6,Low,Normal
FLD-0733,2026-12-01,00:00,Kolkata,22.56671,88.36252,28.2,2.41,836.2,52.8,29.9,57.3,8.5,84.2,219,16.9,Low,Normal
FLD-0734,2026-12-01,06:00,Kalyani,22.97365,88.42845,12.5,1.71,603.3,54.5,30.1,77.5,29.6,88.5,31,11.7,Low,Normal
FLD-0735,2026-12-01,12:00,Howrah,22.5991,88.26894,5.8,1.97,291.4,51.7,29.8,73.8,11.4,87.3,399,9.7,Low,Normal
FLD-0736,2026-12-01,18:00,Hooghly,22.89519,88.40221,14.2,2.14,603.1,53.5,28.2,68.9,1.7,78.1,422,15.1,Low,Normal
FLD-0737,2026-12-02,00:00,Barasat,22.72163,88.46992,7.7,2.64,521.6,46.8,28.9,66.3,3.2,87.6,256,12.2,Low,Normal
FLD-0738,2026-12-02,06:00,Barrackpore,22.758,88.36142,37.2,2.04,881.6,54.8,27.7,73.8,11.8,83.1,481,12.9,Low,Normal
FLD-0739,2026-12-02,12:00,Barrackpore,22.76239,88.35802,51.4,2.2,1182.2,57.5,31.7,76.7,14.6,81.0,232,22.1,Low,Normal
FLD-0740,2026-12-02,18:00,Barasat,22.72292,88.4771,14.5,2.26,660.8,39.5,27.7,75.5,9.9,98.0,440,13.5,Low,Normal
FLD-0741,2026-12-03,00:00,Chinsurah,22.88444,88.4075,31.3,2.82,858.4,58.7,28.6,72.5,11.3,92.0,214,19.8,Low,Normal
FLD-0742,2026-12-03,06:00,Serampore,22.75544,88.3316,30.8,2.6,893.3,39.5,31.4,56.2,10.1,95.0,241,18.3,Low,Normal
FLD-0743,2026-12-03,12:00,Howrah,22.59568,88.25807,0.2,2.11,407.7,50.0,28.0,68.5,5.8,90.0,244,8.5,Low,Normal
FLD-0744,2026-12-03,18:00,Barrackpore,22.76931,88.36098,8.7,2.02,710.5,48.6,28.8,64.2,10.1,97.6,19,11.4,Low,Normal
FLD-0745,2026-12-04,00:00,Hooghly,22.90234,88.39724,16.5,2.46,624.2,46.3,27.9,87.4,2.4,80.7,209,9.5,Low,Normal
FLD-0746,2026-12-04,06:00,Howrah,22.60398,88.26402,10.6,2.43,718.4,49.9,28.7,73.1,7.4,84.5,209,23.3,Low,Normal
FLD-0747,2026-12-04,12:00,Hooghly,22.90175,88.39167,8.1,2.02,300.4,49.6,28.0,77.7,13.9,83.5,425,10.0,Low,Normal
FLD-0748,2026-12-04,18:00,Chinsurah,22.89142,88.40906,32.2,2.1,943.9,42.3,27.3,78.4,4.7,80.8,487,13.4,Low,Normal
FLD-0749,2026-12-05,00:00,Kolkata,22.57333,88.36062,83.4,2.78,1818.6,71.6,26.7,79.2,7.9,77.4,2157,32.0,Moderate,Watch
FLD-0750,2026-12-05,06:00,Howrah,22.59906,88.26197,19.3,2.56,644.0,49.4,28.4,70.2,10.6,86.7,71,11.5,Low,Normal
FLD-0751,2026-12-05,12:00,Kalyani,22.97529,88.44404,30.3,1.86,960.8,67.3,32.3,70.0,28.5,86.6,161,12.0,Low,Normal
FLD-0752,2026-12-05,18:00,Barrackpore,22.76624,88.37504,38.6,3.1,1024.1,58.3,31.0,60.2,18.6,93.4,177,21.8,Low,Normal
FLD-0753,2026-12-06,00:00,Howrah,22.59159,88.2558,5.8,1.92,252.0,46.5,23.9,73.3,2.4,78.1,10,10.2,Low,Normal
FLD-0754,2026-12-06,06:00,Howrah,22.59182,88.26858,6.3,2.19,304.6,41.4,27.6,74.5,33.0,79.9,362,11.3,Low,Normal
FLD-0755,2026-12-06,12:00,Howrah,22.58738,88.26847,17.8,2.48,741.8,47.8,27.0,72.7,23.0,71.0,498,16.4,Low,Normal
FLD-0756,2026-12-06,18:00,Serampore,22.7633,88.33341,1.8,1.79,219.5,46.4,24.0,73.1,11.1,82.7,298,7.7,Low,Normal
FLD-0757,2026-12-07,00:00,Howrah,22.58834,88.26851,6.6,1.93,543.6,56.6,29.9,64.0,16.6,84.5,265,6.1,Low,Normal
FLD-0758,2026-12-07,06:00,Hooghly,22.89684,88.40523,34.6,2.51,985.0,60.5,28.7,72.0,5.2,79.3,7,18.6,Low,Normal
FLD-0759,2026-12-07,12:00,Kolkata,22.56829,88.35716,23.7,2.02,758.8,52.9,35.5,68.9,9.3,78.1,494,15.2,Low,Normal
FLD-0760,2026-12-07,18:00,Chinsurah,22.89937,88.40249,13.7,1.81,588.0,60.1,27.9,77.5,5.0,86.8,455,10.5,Low,Normal
FLD-0761,2026-12-08,00:00,Barasat,22.71923,88.48711,76.0,2.67,1770.3,46.1,26.5,76.8,14.5,75.8,274,28.5,Low,Normal
FLD-0762,2026-12-08,06:00,Howrah,22.60329,88.26523,24.8,2.75,678.9,53.2,26.2,69.0,39.4,79.5,192,17.8,Low,Normal
FLD-0763,2026-12-08,12:00,Barrackpore,22.76196,88.37031,4.0,2.19,426.6,54.6,27.6,71.1,7.1,88.4,310,11.0,Low,Normal
FLD-0764,2026-12-08,18:00,Howrah,22.59747,88.26564,10.1,1.86,418.6,50.9,30.9,65.3,8.6,83.2,435,10.6,Low,Normal
FLD-0765,2026-12-09,00:00,Barrackpore,22.76099,88.36934,37.8,2.81,1046.0,43.2,31.3,72.0,9.5,90.0,258,20.9,Low,Normal
FLD-0766,2026-12-09,06:00,Hooghly,22.91387,88.38804,18.0,1.98,738.4,58.3,38.4,77.2,7.4,84.7,52,17.3,Low,Normal
FLD-0767,2026-12-09,12:00,Barrackpore,22.75887,88.37328,18.8,1.57,704.7,54.1,25.1,63.8,13.9,83.5,299,18.5,Low,Normal
FLD-0768,2026-12-09,18:00,Kalyani,22.97686,88.44102,14.6,2.44,673.3,50.3,29.3,72.4,19.5,87.7,95,17.9,Low,Normal
FLD-0769,2026-12-10,00:00,Barasat,22.7248,88.47962,84.6,3.7,1803.2,62.5,26.8,71.8,6.2,65.0,788,31.4,Moderate,Watch
FLD-0770,2026-12-10,06:00,Kolkata,22.57508,88.36364,65.9,3.07,1530.0,72.1,30.1,66.6,9.5,86.7,309,25.4,Low,Normal
FLD-0771,2026-12-10,12:00,Barrackpore,22.76489,88.35781,20.3,1.61,691.8,52.2,33.4,86.3,15.2,90.1,399,10.7,Low,Normal
FLD-0772,2026-12-10,18:00,Barrackpore,22.76522,88.37009,10.3,2.13,505.8,45.4,31.8,81.4,4.6,81.9,413,9.2,Low,Normal
FLD-0773,2026-12-11,00:00,Kolkata,22.57286,88.36733,6.0,1.98,378.1,40.5,25.1,68.2,3.4,80.4,496,10.3,Low,Normal
FLD-0774,2026-12-11,06:00,Barasat,22.72012,88.48063,6.8,2.22,428.9,51.7,31.2,70.4,6.1,81.1,91,14.2,Low,Normal
FLD-0775,2026-12-11,12:00,Howrah,22.60158,88.27035,38.3,2.21,927.7,59.6,22.2,60.1,15.7,74.6,411,16.6,Low,Normal
FLD-0776,2026-12-11,18:00,Barrackpore,22.77926,88.365,42.9,2.45,952.3,54.0,21.4,63.4,4.4,72.2,143,24.8,Low,Normal
FLD-0777,2026-12-12,00:00,Kolkata,22.56926,88.36729,33.3,1.95,879.1,47.8,28.2,66.1,6.4,75.0,488,20.7,Low,Normal
FLD-0778,2026-12-12,06:00,Kalyani,22.96678,88.42788,92.8,3.31,2082.9,72.9,31.0,77.3,9.5,60.1,1180,32.4,Moderate,Watch
FLD-0779,2026-12-12,12:00,Kalyani,22.97447,88.43386,12.5,1.68,597.9,41.3,30.1,71.9,10.7,84.2,416,3.0,Low,Normal
FLD-0780,2026-12-12,18:00,Hooghly,22.91648,88.39495,7.8,2.26,364.6,60.3,35.1,74.8,8.6,86.2,408,17.9,Low,Normal
FLD-0781,2026-12-13,00:00,Kolkata,22.56778,88.36525,24.1,2.06,743.3,44.7,29.3,78.2,9.7,92.6,17,16.3,Low,Normal
FLD-0782,2026-12-13,06:00,Hooghly,22.91083,88.39378,70.5,1.84,1687.4,50.1,28.7,78.2,2.7,84.8,125,23.7,Low,Normal
FLD-0783,2026-12-13,12:00,Kalyani,22.98507,88.43321,25.7,2.62,768.6,42.1,32.7,66.0,5.9,80.2,153,16.0,Low,Normal
FLD-0784,2026-12-13,18:00,Barasat,22.71768,88.48596,4.5,2.23,288.7,38.1,27.8,74.5,16.5,85.9,5,8.9,Low,Normal
FLD-0785,2026-12-14,00:00,Howrah,22.59921,88.26098,9.9,2.6,753.2,45.3,30.2,77.0,5.5,93.3,421,16.2,Low,Normal
FLD-0786,2026-12-14,06:00,Kolkata,22.58237,88.35426,30.7,1.68,886.1,47.9,30.4,70.9,10.9,81.3,427,13.7,Low,Normal
FLD-0787,2026-12-14,12:00,Chinsurah,22.89173,88.4185,2.0,1.8,268.8,52.6,25.9,59.2,10.2,88.8,450,12.6,Low,Normal
FLD-0788,2026-12-14,18:00,Kalyani,22.97378,88.44229,21.1,2.33,746.3,55.4,30.2,81.6,15.4,81.6,426,14.2,Low,Normal
FLD-0789,2026-12-15,00:00,Kalyani,22.97151,88.42625,23.2,2.51,759.9,48.1,36.0,74.0,16.9,85.2,389,16.2,Low,Normal
FLD-0790,2026-12-15,06:00,Chinsurah,22.88791,88.41214,22.7,1.79,604.1,71.3,32.6,54.0,20.1,85.6,333,17.1,Low,Normal
FLD-0791,2026-12-15,12:00,Serampore,22.7489,88.33728,20.1,2.42,721.2,47.4,26.3,87.7,24.1,83.3,447,17.0,Low,Normal
FLD-0792,2026-12-15,18:00,Kalyani,22.96766,88.43558,11.7,1.96,658.1,46.6,36.5,69.3,4.5,92.9,337,12.7,Low,Normal
FLD-0793,2026-12-16,00:00,Barrackpore,22.7662,88.36877,7.5,1.45,462.1,37.6,31.2,89.5,1.3,81.8,335,10.4,Low,Normal
FLD-0794,2026-12-16,06:00,Barasat,22.71638,88.47959,11.6,1.89,353.1,46.8,30.4,75.3,7.1,87.2,87,8.1,Low,Normal
FLD-0795,2026-12-16,12:00,Kolkata,22.574,88.3592,19.0,2.43,725.4,50.9,28.7,71.7,4.2,96.2,268,10.1,Low,Normal
FLD-0796,2026-12-16,18:00,Chinsurah,22.88466,88.40386,35.4,1.84,1047.2,43.8,31.2,75.4,5.0,85.3,64,11.2,Low,Normal
FLD-0797,2026-12-17,00:00,Barrackpore,22.76799,88.3615,15.9,2.44,578.0,44.7,29.4,68.0,13.6,81.2,165,9.3,Low,Normal
FLD-0798,2026-12-17,06:00,Chinsurah,22.899,88.40301,15.5,2.31,571.4,50.4,29.1,73.4,19.3,88.1,63,6.1,Low,Normal
FLD-0799,2026-12-17,12:00,Kolkata,22.56064,88.3635,65.8,2.79,1760.0,54.5,28.6,90.0,11.1,94.0,449,31.7,Moderate,Watch
FLD-0800,2026-12-17,18:00,Hooghly,22.90324,88.39171,174.3,3.75,3421.0,74.7,32.1,76.2,5.7,65.6,644,48.0,Moderate,Watch
FLD-0801,2026-12-18,00:00,Kolkata,22.57997,88.36799,37.1,1.95,905.9,57.9,31.8,78.0,11.5,87.9,376,24.2,Low,Normal
FLD-0802,2026-12-18,06:00,Serampore,22.74554,88.34922,13.8,2.04,600.2,38.8,28.5,67.8,15.8,86.2,332,7.7,Low,Normal
FLD-0803,2026-12-18,12:00,Kolkata,22.58264,88.36042,13.0,1.78,640.8,40.0,24.1,71.6,2.7,88.0,268,7.7,Low,Normal
FLD-0804,2026-12-18,18:00,Kolkata,22.57511,88.36534,11.0,2.03,602.1,48.5,29.1,86.5,7.5,86.1,328,6.5,Low,Normal
FLD-0805,2026-12-19,00:00,Serampore,22.74857,88.3433,24.7,2.65,547.5,55.9,26.7,77.2,8.0,78.7,389,20.0,Low,Normal
FLD-0806,2026-12-19,06:00,Barasat,22.72067,88.48383,49.3,2.56,1170.7,57.0,27.5,80.2,8.4,83.8,5,21.8,Low,Normal
FLD-0807,2026-12-19,12:00,Kalyani,22.97835,88.43446,33.3,2.34,1064.9,50.1,28.6,74.5,4.7,76.3,120,18.9,Low,Normal
FLD-0808,2026-12-19,18:00,Kolkata,22.57306,88.36836,12.5,2.06,607.9,45.4,25.6,91.6,11.7,84.5,349,9.9,Low,Normal
FLD-0809,2026-12-20,00:00,Serampore,22.75603,88.34319,20.1,2.62,589.0,56.1,23.8,66.6,12.5,96.9,420,17.2,Low,Normal
FLD-0810,2026-12-20,06:00,Barrackpore,22.76048,88.35957,26.0,2.8,943.0,56.2,29.9,62.5,4.4,84.2,312,15.8,Low,Normal
FLD-0811,2026-12-20,12:00,Hooghly,22.90202,88.40121,6.7,2.24,567.2,46.7,29.1,84.2,22.4,81.6,308,13.4,Low,Normal
FLD-0812,2026-12-20,18:00,Hooghly,22.89252,88.40132,14.8,2.24,586.2,46.0,29.0,70.2,3.5,87.5,301,14.1,Low,Normal
FLD-0813,2026-12-21,00:00,Kolkata,22.57193,88.35932,12.3,2.24,659.4,47.7,30.6,75.6,5.5,83.1,333,19.2,Low,Normal
FLD-0814,2026-12-21,06:00,Barasat,22.71558,88.48123,5.3,2.57,645.5,41.0,26.9,84.3,3.2,88.0,131,16.7,Low,Normal
FLD-0815,2026-12-21,12:00,Barasat,22.71659,88.4851,30.4,2.57,792.1,50.0,30.1,76.8,2.8,77.0,289,19.1,Low,Normal
FLD-0816,2026-12-21,18:00,Barrackpore,22.77342,88.36574,11.5,2.69,612.8,43.9,33.3,88.3,10.3,91.2,449,15.1,Low,Normal
FLD-0817,2026-12-22,00:00,Kolkata,22.57915,88.37034,5.1,1.92,640.3,45.3,28.2,73.3,5.5,88.1,446,10.9,Low,Normal
FLD-0818,2026-12-22,06:00,Hooghly,22.90465,88.41018,15.5,1.74,693.7,44.9,35.1,68.0,17.0,80.0,188,13.4,Low,Normal
FLD-0819,2026-12-22,12:00,Barasat,22.71445,88.47628,3.8,1.82,342.9,49.4,29.2,55.8,4.8,89.7,208,4.0,Low,Normal
FLD-0820,2026-12-22,18:00,Kolkata,22.5707,88.35561,10.3,1.94,560.1,52.8,26.3,74.7,5.6,98.0,41,14.0,Low,Normal
FLD-0821,2026-12-23,00:00,Chinsurah,22.90128,88.40982,18.7,2.81,823.2,46.1,31.7,57.5,15.5,80.8,77,12.4,Low,Normal
FLD-0822,2026-12-23,06:00,Barasat,22.72185,88.48533,3.4,2.3,309.4,40.0,28.6,74.5,3.8,92.1,319,11.1,Low,Normal
FLD-0823,2026-12-23,12:00,Serampore,22.76672,88.33891,101.3,3.13,2170.4,70.2,32.4,88.3,6.6,77.3,1279,40.9,Moderate,Watch
FLD-0824,2026-12-23,18:00,Chinsurah,22.89636,88.41672,16.1,2.5,615.2,49.5,30.3,72.8,22.2,88.3,144,11.9,Low,Normal
FLD-0825,2026-12-24,00:00,Kalyani,22.97615,88.42597,26.1,2.3,757.5,47.7,28.0,74.9,1.0,90.0,444,8.7,Low,Normal
FLD-0826,2026-12-24,06:00,Barasat,22.71915,88.48516,25.9,2.92,841.2,59.8,33.9,80.0,2.7,83.0,373,20.4,Low,Normal
FLD-0827,2026-12-24,12:00,Hooghly,22.9018,88.39236,10.1,2.02,520.8,43.1,27.4,77.3,24.7,87.6,285,0.0,Low,Normal
FLD-0828,2026-12-24,18:00,Howrah,22.59489,88.27392,10.3,1.6,599.4,33.1,22.1,80.7,12.6,87.3,170,6.7,Low,Normal
FLD-0829,2026-12-25,00:00,Chinsurah,22.89825,88.41996,21.2,2.22,846.2,44.3,31.8,73.1,11.6,80.1,92,9.4,Low,Normal
FLD-0830,2026-12-25,06:00,Kalyani,22.98074,88.4294,5.8,1.96,326.6,57.5,30.1,56.6,2.7,90.0,262,21.7,Low,Normal
FLD-0831,2026-12-25,12:00,Barrackpore,22.76128,88.3637,5.8,1.61,461.3,43.9,33.1,80.6,10.0,85.1,456,12.3,Low,Normal
FLD-0832,2026-12-25,18:00,Barrackpore,22.75801,88.37216,8.9,2.32,505.1,43.2,26.2,70.9,4.5,97.8,429,10.6,Low,Normal
FLD-0833,2026-12-26,00:00,Hooghly,22.88998,88.39368,4.2,2.55,445.2,46.0,28.2,66.1,17.3,84.4,22,17.5,Low,Normal
FLD-0834,2026-12-26,06:00,Barasat,22.72405,88.48073,5.0,1.67,439.1,53.1,27.8,74.7,17.9,79.4,291,12.6,Low,Normal
FLD-0835,2026-12-26,12:00,Kolkata,22.56598,88.36405,5.2,2.41,345.6,45.5,32.0,73.6,6.0,94.0,141,6.1,Low,Normal
FLD-0836,2026-12-26,18:00,Barasat,22.70808,88.46948,11.6,1.94,703.4,51.4,31.1,67.4,13.3,82.0,147,9.3,Low,Normal
FLD-0837,2026-12-27,00:00,Hooghly,22.90333,88.39592,11.1,2.14,738.3,45.9,29.7,63.7,12.1,79.3,439,16.1,Low,Normal
FLD-0838,2026-12-27,06:00,Barrackpore,22.78096,88.36286,28.9,2.34,925.5,55.0,29.7,77.0,8.5,86.6,115,13.8,Low,Normal
FLD-0839,2026-12-27,12:00,Barasat,22.72096,88.47804,11.7,2.15,620.7,48.6,25.3,66.8,4.6,94.5,80,12.5,Low,Normal
FLD-0840,2026-12-27,18:00,Barrackpore,22.77103,88.37566,13.9,2.35,613.7,45.0,31.5,73.6,6.6,90.6,415,15.3,Low,Normal
FLD-0841,2026-12-28,00:00,Chinsurah,22.89449,88.40046,45.4,2.25,1264.6,55.9,31.5,77.3,16.9,78.7,24,20.1,Low,Normal
FLD-0842,2026-12-28,06:00,Kalyani,22.97441,88.43888,1.1,2.47,150.0,41.4,36.3,78.8,22.4,88.6,114,11.4,Low,Normal
FLD-0843,2026-12-28,12:00,Kolkata,22.57811,88.36223,17.4,2.41,662.6,38.8,30.5,87.9,7.1,84.0,93,17.7,Low,Normal
FLD-0844,2026-12-28,18:00,Chinsurah,22.89226,88.40632,74.4,3.28,1631.7,59.7,31.0,78.1,23.9,88.3,220,34.2,Moderate,Watch
FLD-0845,2026-12-29,00:00,Barrackpore,22.7676,88.37174,18.7,1.98,701.2,39.7,30.5,70.1,12.6,82.9,184,12.9,Low,Normal
FLD-0846,2026-12-29,06:00,Barrackpore,22.76793,88.36904,9.4,1.74,628.4,51.1,26.8,84.2,8.7,87.4,282,10.9,Low,Normal
FLD-0847,2026-12-29,12:00,Howrah,22.59179,88.26702,11.7,2.57,561.8,47.1,33.0,80.0,8.0,87.5,154,16.9,Low,Normal
FLD-0848,2026-12-29,18:00,Howrah,22.60175,88.26941,34.3,2.05,931.1,61.8,28.8,75.2,4.8,76.6,173,10.5,Low,Normal
FLD-0849,2026-12-30,00:00,Chinsurah,22.89295,88.40601,21.0,2.33,588.0,46.9,28.4,74.9,13.9,84.1,350,20.2,Low,Normal
FLD-0850,2026-12-30,06:00,Serampore,22.74827,88.33663,12.1,2.52,557.5,47.3,28.6,72.9,26.6,85.4,172,13.4,Low,Normal
FLD-0851,2026-12-30,12:00,Chinsurah,22.89722,88.40149,7.7,2.06,555.5,36.2,28.8,73.6,8.5,95.3,153,5.3,Low,Normal
FLD-0852,2026-12-30,18:00,Howrah,22.59041,88.25865,5.8,2.49,369.4,38.4,27.4,71.6,4.1,88.4,13,13.0,Low,Normal
FLD-0853,2026-12-31,00:00,Barrackpore,22.76617,88.38469,9.9,2.04,328.0,35.2,29.7,65.8,15.5,84.4,377,10.2,Low,Normal
FLD-0854,2026-12-31,06:00,Hooghly,22.90095,88.40347,13.0,1.73,811.6,55.1,28.7,72.8,6.8,85.4,303,7.9,Low,Normal
FLD-0855,2026-12-31,12:00,Chinsurah,22.90052,88.39989,45.3,2.74,1199.1,50.8,28.4,87.0,4.8,81.7,127,23.5,Low,Normal
FLD-0856,2026-12-31,18:00,Barrackpore,22.76885,88.35907,16.5,2.29,624.1,57.6,30.6,67.3,2.6,85.6,340,14.7,Low,Normal
FLD-0857,2027-01-01,00:00,Hooghly,22.90085,88.39889,8.5,3.05,642.2,27.9,29.2,70.6,13.6,92.5,91,13.8,Low,Normal
FLD-0858,2027-01-01,06:00,Hooghly,22.90591,88.39928,1.1,1.68,384.3,56.1,27.2,65.8,20.1,93.7,270,14.0,Low,Normal
FLD-0859,2027-01-01,12:00,Howrah,22.60414,88.26689,7.5,2.01,618.0,46.0,26.6,80.6,3.3,81.1,221,11.7,Low,Normal
FLD-0860,2027-01-01,18:00,Chinsurah,22.89735,88.40647,9.9,1.88,653.1,49.4,29.3,78.4,7.4,93.1,472,10.0,Low,Normal
FLD-0861,2027-01-02,00:00,Barasat,22.72106,88.48025,17.7,2.19,540.6,41.1,26.6,64.1,7.9,90.2,306,7.8,Low,Normal
FLD-0862,2027-01-02,06:00,Kolkata,22.56473,88.36587,10.2,2.07,580.0,50.7,26.4,58.5,5.1,86.4,309,7.3,Low,Normal
FLD-0863,2027-01-02,12:00,Howrah,22.58941,88.26412,46.7,2.32,1363.4,51.7,26.4,80.9,23.5,73.1,394,23.7,Low,Normal
FLD-0864,2027-01-02,18:00,Howrah,22.59397,88.25028,12.3,2.33,471.6,39.1,29.8,63.4,2.4,87.7,107,8.5,Low,Normal
FLD-0865,2027-01-03,00:00,Barasat,22.71734,88.47962,29.6,2.32,784.3,42.5,32.8,79.6,12.7,82.0,330,15.0,Low,Normal
FLD-0866,2027-01-03,06:00,Kolkata,22.57148,88.35879,3.1,2.51,323.9,37.0,30.1,67.7,14.4,90.9,27,10.3,Low,Normal
FLD-0867,2027-01-03,12:00,Barrackpore,22.76634,88.36805,14.2,1.96,694.0,50.5,31.8,77.7,5.0,90.0,438,12.3,Low,Normal
FLD-0868,2027-01-03,18:00,Serampore,22.75598,88.35821,7.6,2.75,514.5,42.1,28.8,75.6,4.1,94.9,196,13.5,Low,Normal
FLD-0869,2027-01-04,00:00,Chinsurah,22.89358,88.4102,30.2,2.5,699.5,39.6,29.5,70.1,5.8,77.7,475,16.2,Low,Normal
FLD-0870,2027-01-04,06:00,Serampore,22.75572,88.33842,10.8,2.59,578.2,49.7,34.3,66.5,1.7,98.0,199,15.4,Low,Normal
FLD-0871,2027-01-04,12:00,Barrackpore,22.76639,88.37253,34.9,2.51,953.7,36.8,31.7,78.1,27.1,88.8,153,26.8,Low,Normal
FLD-0872,2027-01-04,18:00,Kalyani,22.96315,88.4369,23.4,2.04,759.4,59.0,32.0,68.6,6.2,89.2,383,19.3,Low,Normal
FLD-0873,2027-01-05,00:00,Howrah,22.59016,88.26612,9.7,2.04,440.1,60.8,28.2,80.3,6.8,98.0,69,10.7,Low,Normal
FLD-0874,2027-01-05,06:00,Kolkata,22.57174,88.36754,5.7,1.59,486.5,36.9,29.0,66.5,30.2,89.2,159,10.2,Low,Normal
FLD-0875,2027-01-05,12:00,Howrah,22.58854,88.27594,99.5,3.29,2245.4,72.3,30.3,80.4,2.0,81.3,579,34.6,Moderate,Watch
FLD-0876,2027-01-05,18:00,Hooghly,22.9046,88.38921,11.7,2.22,495.9,49.8,27.1,70.0,8.4,87.5,351,9.7,Low,Normal
FLD-0877,2027-01-06,00:00,Howrah,22.60498,88.26644,23.3,2.33,600.4,46.2,21.4,73.4,15.8,90.0,395,16.6,Low,Normal
FLD-0878,2027-01-06,06:00,Howrah,22.60311,88.25804,14.5,2.66,581.4,44.7,30.3,68.0,27.1,93.1,453,16.2,Low,Normal
FLD-0879,2027-01-06,12:00,Barrackpore,22.76472,88.37033,26.3,2.3,898.3,54.8,32.1,72.3,2.2,90.9,460,18.5,Low,Normal
FLD-0880,2027-01-06,18:00,Barrackpore,22.77494,88.36149,36.8,1.83,969.8,52.1,29.2,56.3,29.6,74.1,102,12.6,Low,Normal
FLD-0881,2027-01-07,00:00,Barrackpore,22.76689,88.3645,15.1,3.44,472.7,29.9,27.1,67.2,7.4,83.5,487,14.5,Low,Normal
FLD-0882,2027-01-07,06:00,Serampore,22.75078,88.33853,6.2,1.84,538.8,60.8,27.9,68.3,7.4,94.2,235,10.9,Low,Normal
FLD-0883,2027-01-07,12:00,Hooghly,22.89732,88.40185,19.3,2.6,839.6,51.9,22.5,72.7,3.4,88.5,188,15.6,Low,Normal
FLD-0884,2027-01-07,18:00,Kalyani,22.97319,88.43951,50.1,2.14,1254.2,54.7,27.9,84.1,9.8,81.2,417,24.7,Low,Normal
FLD-0885,2027-01-08,00:00,Kalyani,22.97267,88.42653,27.3,2.45,680.7,45.4,25.4,68.8,29.7,87.5,342,13.8,Low,Normal
FLD-0886,2027-01-08,06:00,Barrackpore,22.76702,88.36733,18.3,1.97,647.3,47.3,26.8,83.0,9.7,79.0,360,12.2,Low,Normal
FLD-0887,2027-01-08,12:00,Kolkata,22.57356,88.35964,7.0,1.11,491.3,55.3,25.3,66.4,4.6,91.8,108,1.2,Low,Normal
FLD-0888,2027-01-08,18:00,Serampore,22.75282,88.33275,12.7,2.07,496.8,49.4,24.9,65.0,5.5,88.6,336,14.2,Low,Normal
FLD-0889,2027-01-09,00:00,Barasat,22.72362,88.4797,3.3,2.03,467.9,48.3,25.8,59.0,5.7,88.1,300,10.0,Low,Normal
FLD-0890,2027-01-09,06:00,Kolkata,22.57974,88.36205,5.3,1.99,355.3,37.3,31.0,76.6,24.7,86.2,367,0.0,Low,Normal
FLD-0891,2027-01-09,12:00,Chinsurah,22.8997,88.42256,19.6,2.35,705.8,46.5,27.4,73.8,28.3,86.8,254,16.0,Low,Normal
FLD-0892,2027-01-09,18:00,Chinsurah,22.88509,88.4106,53.4,2.62,1288.1,56.0,25.5,79.0,2.4,79.4,315,22.6,Low,Normal
FLD-0893,2027-01-10,00:00,Kolkata,22.55728,88.35563,11.2,2.17,613.4,52.1,31.4,73.6,3.6,84.6,192,16.2,Low,Normal
FLD-0894,2027-01-10,06:00,Barrackpore,22.77161,88.36361,4.8,2.12,434.9,43.0,29.4,72.2,4.0,98.0,70,8.1,Low,Normal
FLD-0895,2027-01-10,12:00,Barasat,22.7128,88.48713,5.6,2.06,431.0,52.6,21.4,74.3,6.0,77.8,268,8.8,Low,Normal
FLD-0896,2027-01-10,18:00,Barasat,22.71965,88.49353,148.2,3.92,2938.1,66.6,32.2,96.0,31.9,59.3,1798,59.8,Moderate,Watch
FLD-0897,2027-01-11,00:00,Serampore,22.74578,88.33078,8.0,1.79,497.1,47.1,29.2,69.2,29.3,91.7,208,14.6,Low,Normal
FLD-0898,2027-01-11,06:00,Barasat,22.71019,88.46972,3.9,2.26,394.3,45.1,31.5,86.6,9.3,80.2,477,11.6,Low,Normal
FLD-0899,2027-01-11,12:00,Chinsurah,22.89725,88.41923,9.4,2.03,431.7,36.3,28.3,78.5,6.6,74.8,175,11.8,Low,Normal
FLD-0900,2027-01-11,18:00,Hooghly,22.90555,88.39834,3.8,1.92,433.8,45.4,34.1,74.8,1.2,93.6,238,6.5,Low,Normal
FLD-0901,2027-01-12,00:00,Barrackpore,22.76254,88.36179,33.5,2.63,989.3,47.6,27.8,77.9,10.8,91.2,380,11.5,Low,Normal
FLD-0902,2027-01-12,06:00,Barasat,22.70545,88.48421,24.2,2.4,751.1,59.7,20.6,51.1,10.0,77.0,432,21.6,Low,Normal
FLD-0903,2027-01-12,12:00,Serampore,22.74952,88.32449,24.1,2.08,876.8,46.9,26.2,71.6,3.3,74.1,97,11.8,Low,Normal
FLD-0904,2027-01-12,18:00,Chinsurah,22.89635,88.40802,7.3,2.54,508.3,48.9,30.6,67.7,12.4,79.7,346,18.8,Low,Normal
FLD-0905,2027-01-13,00:00,Hooghly,22.89213,88.39797,20.1,1.85,583.3,40.4,29.5,88.0,17.5,81.2,441,14.7,Low,Normal
FLD-0906,2027-01-13,06:00,Howrah,22.5969,88.26915,17.1,1.87,790.8,50.1,28.6,70.6,3.2,97.3,88,12.0,Low,Normal
FLD-0907,2027-01-13,12:00,Howrah,22.59571,88.25752,7.8,2.34,567.5,43.7,25.8,72.3,6.2,84.4,251,11.8,Low,Normal
FLD-0908,2027-01-13,18:00,Hooghly,22.90448,88.39651,37.4,3.11,1123.6,47.0,29.1,73.9,16.9,88.1,491,24.6,Low,Normal
FLD-0909,2027-01-14,00:00,Chinsurah,22.89472,88.40245,3.1,1.84,446.6,65.5,29.0,63.0,5.2,91.9,98,6.5,Low,Normal
FLD-0910,2027-01-14,06:00,Serampore,22.74696,88.34183,5.8,2.22,220.5,43.7,28.9,68.4,6.0,95.2,328,14.2,Low,Normal
FLD-0911,2027-01-14,12:00,Hooghly,22.90818,88.39063,13.6,1.76,703.2,46.2,30.7,78.5,6.4,82.5,325,11.7,Low,Normal
FLD-0912,2027-01-14,18:00,Barrackpore,22.76505,88.36455,9.8,1.81,533.0,53.3,29.6,57.7,12.8,86.7,444,15.3,Low,Normal
FLD-0913,2027-01-15,00:00,Barrackpore,22.76584,88.36103,18.8,2.65,724.4,43.4,28.2,75.3,19.2,84.2,153,15.2,Low,Normal
FLD-0914,2027-01-15,06:00,Howrah,22.5902,88.26751,8.0,2.23,548.2,49.4,25.8,66.2,26.0,90.2,485,11.8,Low,Normal
FLD-0915,2027-01-15,12:00,Barasat,22.71834,88.48615,11.0,2.55,742.5,50.8,33.4,81.8,18.3,93.9,294,16.2,Low,Normal
FLD-0916,2027-01-15,18:00,Serampore,22.74749,88.33889,14.4,2.57,555.3,49.6,35.3,75.6,9.2,98.0,441,16.2,Low,Normal
FLD-0917,2027-01-16,00:00,Howrah,22.59476,88.26383,7.4,1.37,431.8,62.6,34.6,61.8,14.4,84.7,282,16.3,Low,Normal
FLD-0918,2027-01-16,06:00,Barasat,22.73127,88.47231,10.9,1.73,461.0,41.5,31.2,69.7,3.0,87.4,295,6.1,Low,Normal
FLD-0919,2027-01-16,12:00,Barasat,22.71277,88.4792,17.0,2.32,548.5,59.2,23.6,76.2,34.5,91.0,378,14.5,Low,Normal
FLD-0920,2027-01-16,18:00,Kalyani,22.96532,88.4337,39.9,1.94,963.7,56.3,23.2,72.3,4.8,86.5,30,16.6,Low,Normal
FLD-0921,2027-01-17,00:00,Barrackpore,22.77483,88.38272,7.5,1.73,299.4,52.9,27.2,73.5,13.7,97.3,130,0.0,Low,Normal
FLD-0922,2027-01-17,06:00,Chinsurah,22.89274,88.40133,9.9,2.63,570.3,49.4,28.8,72.5,10.3,86.1,215,12.4,Low,Normal
FLD-0923,2027-01-17,12:00,Kolkata,22.56859,88.37269,27.1,2.17,1036.7,63.6,28.7,79.7,2.7,82.1,14,16.9,Low,Normal
FLD-0924,2027-01-17,18:00,Chinsurah,22.90024,88.41398,31.8,2.67,1127.3,49.1,29.6,77.0,4.8,92.1,437,29.5,Low,Normal
FLD-0925,2027-01-18,00:00,Kolkata,22.56897,88.36558,21.5,2.28,651.3,52.8,24.5,73.0,20.0,87.0,325,15.8,Low,Normal
FLD-0926,2027-01-18,06:00,Hooghly,22.91196,88.40655,31.2,2.18,885.1,60.4,34.1,74.0,8.3,87.2,266,19.4,Low,Normal
FLD-0927,2027-01-18,12:00,Barrackpore,22.77007,88.36923,7.1,1.51,601.3,42.5,33.8,64.8,4.2,86.6,285,0.6,Low,Normal
FLD-0928,2027-01-18,18:00,Barasat,22.71807,88.48333,29.2,2.47,919.6,57.9,24.8,84.0,7.4,89.8,290,18.8,Low,Normal
FLD-0929,2027-01-19,00:00,Serampore,22.76574,88.33998,24.8,2.84,809.2,49.8,23.0,94.2,4.2,79.6,367,24.5,Low,Normal
FLD-0930,2027-01-19,06:00,Kolkata,22.56897,88.37124,5.5,1.85,423.7,37.5,28.7,70.0,6.0,84.5,485,17.4,Low,Normal
FLD-0931,2027-01-19,12:00,Chinsurah,22.89845,88.41458,11.2,2.17,669.0,37.1,33.0,73.0,2.1,70.7,42,9.5,Low,Normal
FLD-0932,2027-01-19,18:00,Barasat,22.7228,88.47725,1.5,1.49,270.0,44.7,28.9,79.2,9.2,84.0,444,0.0,Low,Normal
FLD-0933,2027-01-20,00:00,Kolkata,22.58041,88.35598,16.1,1.98,687.2,55.1,29.8,80.0,10.3,91.5,167,10.0,Low,Normal
FLD-0934,2027-01-20,06:00,Kolkata,22.58197,88.36268,28.9,2.5,904.4,36.2,27.6,75.0,6.1,84.5,348,12.4,Low,Normal
FLD-0935,2027-01-20,12:00,Kalyani,22.97519,88.4292,47.9,2.9,1215.8,56.0,29.5,68.0,20.0,76.2,470,21.2,Low,Normal
FLD-0936,2027-01-20,18:00,Kolkata,22.56808,88.36352,6.1,2.28,539.3,52.5,32.0,85.1,6.3,95.8,425,16.3,Low,Normal
FLD-0937,2027-01-21,00:00,Serampore,22.75556,88.34772,5.8,1.37,456.9,37.2,30.3,77.1,8.3,88.1,254,7.2,Low,Normal
FLD-0938,2027-01-21,06:00,Barrackpore,22.76193,88.36426,14.3,2.03,553.5,43.4,30.8,74.4,5.8,96.3,169,5.4,Low,Normal
FLD-0939,2027-01-21,12:00,Serampore,22.76488,88.34004,21.3,1.95,743.3,53.3,23.7,68.2,6.8,90.4,374,18.3,Low,Normal
FLD-0940,2027-01-21,18:00,Howrah,22.59662,88.26395,28.4,2.27,701.5,56.6,35.8,74.1,14.9,85.4,258,24.1,Low,Normal
FLD-0941,2027-01-22,00:00,Barasat,22.71881,88.48609,1.4,1.98,435.6,56.5,23.7,59.4,3.1,98.0,345,1.6,Low,Normal
FLD-0942,2027-01-22,06:00,Barrackpore,22.76711,88.35352,37.3,2.87,1107.5,48.3,29.5,79.4,12.3,80.9,77,26.5,Low,Normal
FLD-0943,2027-01-22,12:00,Kalyani,22.96692,88.43036,16.7,2.33,585.1,42.6,28.5,79.9,5.2,79.3,338,13.3,Low,Normal
FLD-0944,2027-01-22,18:00,Barrackpore,22.76017,88.36827,28.0,2.87,763.7,62.2,28.7,75.3,3.2,94.0,84,16.3,Low,Normal
FLD-0945,2027-01-23,00:00,Barrackpore,22.7732,88.3742,23.8,2.07,715.7,44.5,31.8,66.7,7.0,88.5,379,6.3,Low,Normal
FLD-0946,2027-01-23,06:00,Chinsurah,22.89006,88.40505,15.0,1.7,612.8,51.5,26.7,76.1,24.6,94.4,148,8.3,Low,Normal
FLD-0947,2027-01-23,12:00,Barrackpore,22.75972,88.35574,14.5,2.7,633.1,63.2,27.6,78.4,13.6,91.4,200,15.8,Low,Normal
FLD-0948,2027-01-23,18:00,Kalyani,22.97822,88.43772,19.2,2.41,857.7,54.1,25.3,68.0,6.9,95.4,76,15.4,Low,Normal
FLD-0949,2027-01-24,00:00,Serampore,22.75991,88.33649,11.9,1.9,712.7,52.9,32.6,79.3,4.3,83.4,360,21.3,Low,Normal
FLD-0950,2027-01-24,06:00,Barrackpore,22.77031,88.35986,12.6,2.32,660.7,56.5,29.9,76.4,28.7,85.2,249,13.0,Low,Normal
FLD-0951,2027-01-24,12:00,Hooghly,22.90698,88.39225,22.1,2.59,759.6,53.1,31.0,71.4,11.2,83.9,52,11.5,Low,Normal
FLD-0952,2027-01-24,18:00,Barasat,22.71646,88.47989,89.3,3.23,1865.2,68.4,31.6,73.5,9.5,75.3,2423,34.2,Moderate,Watch
FLD-0953,2027-01-25,00:00,Barrackpore,22.75747,88.36337,29.8,2.14,1053.9,48.6,35.4,72.5,13.3,74.7,301,21.0,Low,Normal
FLD-0954,2027-01-25,06:00,Barasat,22.73001,88.46777,28.1,2.22,831.3,58.7,34.8,66.9,14.3,85.3,292,15.4,Low,Normal
FLD-0955,2027-01-25,12:00,Hooghly,22.89906,88.40138,9.9,2.23,556.5,49.9,30.0,74.4,6.3,91.5,293,14.7,Low,Normal
FLD-0956,2027-01-25,18:00,Hooghly,22.8995,88.40365,22.2,2.37,813.0,39.1,29.5,77.2,16.3,81.0,108,15.3,Low,Normal
FLD-0957,2027-01-26,00:00,Barasat,22.72897,88.48491,20.3,2.69,721.2,50.8,27.3,81.4,2.6,79.9,364,18.5,Low,Normal
FLD-0958,2027-01-26,06:00,Kolkata,22.57594,88.35707,9.1,2.02,628.5,31.6,31.4,74.6,13.9,86.0,87,15.6,Low,Normal
FLD-0959,2027-01-26,12:00,Howrah,22.59854,88.26239,23.4,1.97,816.6,54.7,31.3,76.1,6.6,89.7,165,10.3,Low,Normal
FLD-0960,2027-01-26,18:00,Chinsurah,22.90699,88.40796,39.1,3.42,1152.0,51.2,26.7,72.5,20.4,76.5,493,21.3,Low,Normal
FLD-0961,2027-01-27,00:00,Kolkata,22.56874,88.36749,30.5,2.47,943.1,64.4,31.3,67.7,6.2,98.0,266,14.5,Low,Normal
FLD-0962,2027-01-27,06:00,Kolkata,22.57817,88.36791,3.9,2.34,415.7,49.2,32.2,69.2,18.0,79.7,92,13.5,Low,Normal
FLD-0963,2027-01-27,12:00,Serampore,22.75314,88.33589,20.8,2.46,731.6,55.6,25.4,83.2,11.5,81.9,172,18.0,Low,Normal
FLD-0964,2027-01-27,18:00,Chinsurah,22.89561,88.40849,27.2,2.43,833.6,43.1,29.6,78.1,15.8,91.3,63,18.2,Low,Normal
FLD-0965,2027-01-28,00:00,Chinsurah,22.90317,88.41074,8.6,2.03,376.2,51.5,28.8,75.4,9.6,92.7,427,10.2,Low,Normal
FLD-0966,2027-01-28,06:00,Kolkata,22.57565,88.37263,29.8,1.42,785.9,46.5,29.0,61.1,1.9,89.4,125,8.9,Low,Normal
FLD-0967,2027-01-28,12:00,Barrackpore,22.76923,88.37123,7.8,1.73,564.0,54.2,26.0,74.7,19.4,82.9,367,12.0,Low,Normal
FLD-0968,2027-01-28,18:00,Serampore,22.75924,88.34503,11.8,2.27,436.1,39.5,23.2,63.4,20.3,83.5,229,17.1,Low,Normal
FLD-0969,2027-01-29,00:00,Serampore,22.75061,88.3408,8.0,1.16,454.3,47.4,26.6,63.7,7.1,81.8,104,2.5,Low,Normal
FLD-0970,2027-01-29,06:00,Hooghly,22.89596,88.40446,6.9,2.12,369.9,38.3,26.1,64.4,5.4,85.2,208,4.8,Low,Normal
FLD-0971,2027-01-29,12:00,Kalyani,22.96873,88.43646,19.2,2.49,650.0,49.7,30.1,67.7,16.7,87.8,61,14.8,Low,Normal
FLD-0972,2027-01-29,18:00,Chinsurah,22.8822,88.40283,4.2,2.35,410.6,60.0,30.2,78.1,11.3,82.3,499,22.5,Low,Normal
FLD-0973,2027-01-30,00:00,Kolkata,22.58494,88.37232,12.3,2.37,530.9,52.5,30.0,74.3,8.1,75.9,239,10.7,Low,Normal
FLD-0974,2027-01-30,06:00,Hooghly,22.89438,88.40019,19.2,2.59,553.0,48.6,24.5,66.6,12.9,92.5,473,14.1,Low,Normal
FLD-0975,2027-01-30,12:00,Barasat,22.71967,88.47834,8.1,2.67,477.9,29.4,25.4,68.4,7.1,85.9,60,8.2,Low,Normal
FLD-0976,2027-01-30,18:00,Howrah,22.59414,88.26072,33.3,2.83,853.2,47.9,27.0,77.5,20.1,88.2,345,20.9,Low,Normal
FLD-0977,2027-01-31,00:00,Kalyani,22.97684,88.43578,13.1,2.24,521.9,50.9,29.1,77.7,7.5,84.4,11,5.3,Low,Normal
FLD-0978,2027-01-31,06:00,Kalyani,22.97989,88.43678,43.2,2.53,1201.6,50.1,27.9,75.5,16.7,85.6,465,16.2,Low,Normal
FLD-0979,2027-01-31,12:00,Kalyani,22.98016,88.43518,3.8,2.09,513.2,55.7,30.0,64.2,9.6,98.0,136,15.0,Low,Normal
FLD-0980,2027-01-31,18:00,Serampore,22.7493,88.34217,19.8,2.17,574.6,49.5,32.1,70.3,11.9,78.6,194,13.8,Low,Normal
FLD-0981,2027-02-01,00:00,Barasat,22.72,88.4912,17.0,2.62,813.2,56.0,25.8,89.7,28.1,81.1,73,16.1,Low,Normal
FLD-0982,2027-02-01,06:00,Kalyani,22.9767,88.44043,10.8,2.34,493.0,48.6,25.9,64.2,6.4,81.2,362,12.4,Low,Normal
FLD-0983,2027-02-01,12:00,Barasat,22.71951,88.48214,15.0,2.07,560.3,46.1,29.4,75.5,16.0,98.0,385,10.4,Low,Normal
FLD-0984,2027-02-01,18:00,Barrackpore,22.77564,88.37265,21.9,2.76,654.8,46.1,28.7,88.2,24.0,85.0,135,20.1,Low,Normal
FLD-0985,2027-02-02,00:00,Kalyani,22.97795,88.4278,24.8,2.23,802.8,42.9,31.4,71.6,15.6,90.1,371,5.1,Low,Normal
FLD-0986,2027-02-02,06:00,Howrah,22.60021,88.26599,13.4,1.85,789.8,55.4,29.0,85.6,20.8,70.4,42,10.9,Low,Normal
FLD-0987,2027-02-02,12:00,Barasat,22.72498,88.49186,19.9,2.26,555.0,46.0,34.6,68.4,10.3,87.7,401,8.8,Low,Normal
FLD-0988,2027-02-02,18:00,Barasat,22.72804,88.47969,7.4,1.81,277.9,50.1,23.9,58.6,15.0,84.9,435,10.5,Low,Normal
FLD-0989,2027-02-03,00:00,Howrah,22.59689,88.25851,25.2,2.66,830.1,46.4,31.7,69.5,17.9,93.1,38,15.9,Low,Normal
FLD-0990,2027-02-03,06:00,Kalyani,22.96722,88.43009,37.7,2.21,1085.2,45.0,29.6,69.0,9.5,87.1,30,21.9,Low,Normal
FLD-0991,2027-02-03,12:00,Howrah,22.5982,88.25706,26.5,2.31,832.6,54.2,24.5,61.9,4.8,82.0,141,19.3,Low,Normal
FLD-0992,2027-02-03,18:00,Barasat,22.71709,88.47629,8.1,2.44,554.6,41.4,22.4,69.6,4.1,96.4,319,9.3,Low,Normal
FLD-0993,2027-02-04,00:00,Howrah,22.59263,88.26138,6.4,1.84,352.2,43.5,25.4,79.3,26.1,97.2,358,7.5,Low,Normal
FLD-0994,2027-02-04,06:00,Barasat,22.72452,88.47257,61.3,2.96,1358.1,48.5,32.9,71.5,23.4,89.1,352,29.6,Low,Normal
FLD-0995,2027-02-04,12:00,Barasat,22.72843,88.48109,36.0,2.14,1011.1,48.8,32.5,71.5,5.5,87.9,476,21.8,Low,Normal
FLD-0996,2027-02-04,18:00,Barrackpore,22.76613,88.37241,24.9,2.42,974.1,50.2,28.6,83.1,20.8,83.1,43,17.4,Low,Normal
FLD-0997,2027-02-05,00:00,Kolkata,22.57445,88.35845,39.3,2.72,1114.1,50.9,27.8,69.1,13.0,84.3,187,16.5,Low,Normal
FLD-0998,2027-02-05,06:00,Barasat,22.73121,88.49012,14.7,2.18,674.4,53.7,26.3,77.2,9.7,83.6,352,6.0,Low,Normal
FLD-0999,2027-02-05,12:00,Kalyani,22.97644,88.43706,24.6,2.34,685.3,50.9,28.4,61.5,5.3,86.1,482,6.0,Low,Normal
FLD-1000,2027-02-05,18:00,Hooghly,22.91661,88.40218,70.3,3.09,1657.0,80.7,27.5,69.5,8.7,75.3,659,35.4,Moderate,Watch
FLD-1001,2027-02-06,00:00,Serampore,22.75619,88.33635,11.9,2.06,445.5,50.3,34.5,71.2,4.5,85.4,482,13.2,Low,Normal
FLD-1002,2027-02-06,06:00,Chinsurah,22.88344,88.41313,20.8,2.59,900.7,37.0,25.0,81.7,7.7,98.0,415,11.6,Low,Normal
FLD-1003,2027-02-06,12:00,Kolkata,22.57712,88.35735,30.6,2.89,800.0,49.6,30.3,67.4,4.4,85.9,291,24.0,Low,Normal
FLD-1004,2027-02-06,18:00,Kolkata,22.57489,88.36924,6.0,1.76,378.4,45.3,34.6,65.9,2.9,84.6,493,6.9,Low,Normal
FLD-1005,2027-02-07,00:00,Kolkata,22.58034,88.36493,10.9,2.76,399.7,42.9,31.5,74.6,21.2,80.0,310,12.3,Low,Normal
FLD-1006,2027-02-07,06:00,Barrackpore,22.77004,88.37032,30.2,2.3,901.4,51.5,25.4,76.8,8.3,83.5,369,21.9,Low,Normal
FLD-1007,2027-02-07,12:00,Barasat,22.72017,88.47395,17.4,2.93,666.9,44.0,24.1,65.8,12.2,90.2,342,19.7,Low,Normal
FLD-1008,2027-02-07,18:00,Barrackpore,22.75865,88.36163,15.7,2.11,784.0,50.5,29.9,69.3,6.1,86.8,446,12.8,Low,Normal
FLD-1009,2027-02-08,00:00,Barasat,22.71975,88.48458,14.3,2.44,685.7,34.5,29.5,80.5,8.0,85.8,324,14.9,Low,Normal
FLD-1010,2027-02-08,06:00,Kalyani,22.9699,88.42831,32.3,2.68,852.1,59.5,32.9,65.7,4.3,86.4,366,21.9,Low,Normal
FLD-1011,2027-02-08,12:00,Barrackpore,22.76252,88.36978,6.6,1.95,556.4,35.3,30.8,74.8,26.2,89.5,335,16.8,Low,Normal
FLD-1012,2027-02-08,18:00,Barrackpore,22.76953,88.3588,10.4,2.16,412.0,45.2,27.4,69.0,1.2,90.9,295,9.6,Low,Normal
FLD-1013,2027-02-09,00:00,Serampore,22.76282,88.34539,4.2,2.56,353.7,40.7,27.2,82.1,17.2,91.8,23,7.0,Low,Normal
FLD-1014,2027-02-09,06:00,Hooghly,22.90337,88.3886,11.6,2.04,570.3,49.5,24.8,76.8,6.1,86.0,372,14.5,Low,Normal
FLD-1015,2027-02-09,12:00,Barrackpore,22.75882,88.37031,16.7,2.08,538.1,47.1,29.4,79.2,4.3,85.0,441,12.8,Low,Normal
FLD-1016,2027-02-09,18:00,Serampore,22.75547,88.34405,2.2,1.63,495.9,47.2,24.5,68.4,2.7,87.7,103,7.6,Low,Normal
FLD-1017,2027-02-10,00:00,Howrah,22.60298,88.25942,7.5,2.65,713.3,54.3,31.9,78.2,10.3,90.4,411,15.6,Low,Normal
FLD-1018,2027-02-10,06:00,Hooghly,22.89734,88.39949,17.3,2.06,632.7,53.8,30.9,78.6,15.8,92.5,61,6.8,Low,Normal
FLD-1019,2027-02-10,12:00,Kalyani,22.9742,88.43556,20.5,2.69,654.6,49.4,30.8,76.9,14.7,83.3,152,18.1,Low,Normal
FLD-1020,2027-02-10,18:00,Barrackpore,22.76609,88.36377,45.2,2.39,1151.5,57.3,24.8,72.7,6.7,81.1,262,19.6,Low,Normal
FLD-1021,2027-02-11,00:00,Chinsurah,22.88929,88.40195,22.8,2.71,703.8,63.3,28.5,74.5,8.0,80.2,293,18.7,Low,Normal
FLD-1022,2027-02-11,06:00,Kolkata,22.57649,88.35212,13.0,2.46,610.6,53.2,27.8,59.8,4.2,77.3,454,13.0,Low,Normal
FLD-1023,2027-02-11,12:00,Howrah,22.59507,88.2657,16.4,2.14,513.1,46.2,29.3,85.3,4.8,78.4,374,13.6,Low,Normal
FLD-1024,2027-02-11,18:00,Howrah,22.59832,88.25421,16.8,1.97,684.8,57.3,30.7,68.8,21.1,79.8,242,14.8,Low,Normal
FLD-1025,2027-02-12,00:00,Kalyani,22.96968,88.43457,10.4,1.91,727.8,49.8,27.4,70.3,1.9,82.7,341,11.3,Low,Normal
FLD-1026,2027-02-12,06:00,Serampore,22.75018,88.33872,17.9,2.01,471.8,41.8,27.5,63.8,1.6,88.4,341,14.2,Low,Normal
FLD-1027,2027-02-12,12:00,Howrah,22.60013,88.26767,10.0,2.51,412.4,45.7,31.2,77.3,5.5,80.3,346,16.8,Low,Normal
FLD-1028,2027-02-12,18:00,Hooghly,22.89876,88.39419,18.5,2.3,639.3,38.4,25.4,76.8,26.0,85.7,120,12.4,Low,Normal
FLD-1029,2027-02-13,00:00,Barrackpore,22.77636,88.36502,14.3,1.8,662.1,31.9,26.6,70.8,9.5,91.2,352,3.8,Low,Normal
FLD-1030,2027-02-13,06:00,Barrackpore,22.7636,88.37139,12.6,2.08,665.4,40.9,29.0,56.4,38.5,81.4,172,12.3,Low,Normal
FLD-1031,2027-02-13,12:00,Chinsurah,22.89535,88.41001,12.9,2.13,662.5,48.4,31.9,67.8,7.3,83.4,415,11.0,Low,Normal
FLD-1032,2027-02-13,18:00,Kalyani,22.9806,88.4359,25.4,1.59,638.4,51.0,25.9,76.7,15.0,76.8,102,11.8,Low,Normal
FLD-1033,2027-02-14,00:00,Kolkata,22.56409,88.36672,23.8,2.25,710.3,39.9,34.7,75.2,19.3,79.2,159,8.7,Low,Normal
FLD-1034,2027-02-14,06:00,Serampore,22.74224,88.33109,12.1,2.41,477.3,30.8,24.7,72.4,34.2,94.7,256,11.9,Low,Normal
FLD-1035,2027-02-14,12:00,Kolkata,22.56345,88.36844,24.7,2.28,789.0,60.2,34.0,70.5,5.9,87.8,201,26.9,Low,Normal
FLD-1036,2027-02-14,18:00,Howrah,22.60338,88.26727,14.1,2.28,605.9,48.5,32.8,61.8,9.5,98.0,44,9.0,Low,Normal
FLD-1037,2027-02-15,00:00,Kalyani,22.97169,88.4279,14.3,2.36,470.1,58.7,24.4,79.6,8.2,81.7,63,18.3,Low,Normal
FLD-1038,2027-02-15,06:00,Chinsurah,22.90935,88.40654,10.4,2.02,492.8,57.6,23.8,62.5,15.9,95.7,195,15.5,Low,Normal
FLD-1039,2027-02-15,12:00,Kolkata,22.56921,88.36366,117.2,3.82,2517.3,73.6,31.3,77.6,24.2,68.4,1135,43.9,Moderate,Watch
FLD-1040,2027-02-15,18:00,Hooghly,22.90211,88.39519,39.3,3.03,994.2,53.3,27.8,67.1,24.2,79.9,390,12.7,Low,Normal
FLD-1041,2027-02-16,00:00,Barrackpore,22.77525,88.369,8.6,1.58,485.5,43.9,25.8,79.5,5.7,98.0,421,9.8,Low,Normal
FLD-1042,2027-02-16,06:00,Howrah,22.60784,88.27219,11.5,2.03,727.0,52.3,34.8,76.8,4.8,81.5,69,13.6,Low,Normal
FLD-1043,2027-02-16,12:00,Chinsurah,22.90637,88.41449,19.6,3.08,901.6,47.8,25.2,70.7,14.8,95.0,180,19.2,Low,Normal
FLD-1044,2027-02-16,18:00,Kolkata,22.57985,88.35603,22.2,2.36,533.6,45.3,26.7,78.2,3.7,84.9,330,14.6,Low,Normal
FLD-1045,2027-02-17,00:00,Serampore,22.75894,88.34403,6.1,2.07,471.5,31.5,27.1,61.9,16.2,80.7,246,12.8,Low,Normal
FLD-1046,2027-02-17,06:00,Hooghly,22.90456,88.40397,7.1,2.0,769.4,45.8,20.0,71.9,9.5,78.5,328,11.3,Low,Normal
FLD-1047,2027-02-17,12:00,Hooghly,22.90567,88.39832,22.3,2.74,798.5,57.1,29.3,66.0,21.7,85.7,157,26.8,Low,Normal
FLD-1048,2027-02-17,18:00,Kolkata,22.56929,88.37045,3.8,1.72,420.8,54.6,26.1,79.4,19.5,80.8,405,13.2,Low,Normal
FLD-1049,2027-02-18,00:00,Barrackpore,22.76109,88.37907,8.7,2.44,637.9,47.1,31.6,75.1,10.3,85.1,185,17.6,Low,Normal
FLD-1050,2027-02-18,06:00,Kolkata,22.57258,88.37004,27.4,2.27,864.6,44.3,32.0,78.2,3.4,73.0,230,16.6,Low,Normal
FLD-1051,2027-02-18,12:00,Howrah,22.59478,88.2651,26.5,2.09,898.3,56.6,29.7,69.7,3.7,86.7,72,16.8,Low,Normal
FLD-1052,2027-02-18,18:00,Kolkata,22.56988,88.37017,40.7,2.46,1060.7,53.0,29.8,79.7,9.8,73.5,54,14.5,Low,Normal
FLD-1053,2027-02-19,00:00,Hooghly,22.90518,88.39687,49.7,2.65,1265.7,52.4,29.5,67.2,13.1,81.2,485,19.8,Low,Normal
FLD-1054,2027-02-19,06:00,Chinsurah,22.89973,88.40814,77.6,2.86,1788.7,50.3,26.8,69.8,7.4,69.6,1345,33.6,Moderate,Watch
FLD-1055,2027-02-19,12:00,Kolkata,22.57313,88.36179,11.2,2.54,639.0,62.0,27.0,71.4,4.4,93.9,301,15.3,Low,Normal
FLD-1056,2027-02-19,18:00,Barrackpore,22.77487,88.37638,9.2,1.86,472.5,52.0,33.2,66.0,7.6,74.1,352,6.6,Low,Normal
FLD-1057,2027-02-20,00:00,Kalyani,22.96815,88.42909,20.1,2.32,666.5,54.9,31.4,78.2,21.8,83.7,409,13.2,Low,Normal
FLD-1058,2027-02-20,06:00,Chinsurah,22.89284,88.41719,4.3,2.25,234.6,39.8,29.7,68.9,7.6,90.8,447,5.9,Low,Normal
FLD-1059,2027-02-20,12:00,Serampore,22.7485,88.3433,12.4,2.21,534.4,48.0,30.9,65.2,5.9,88.5,463,11.2,Low,Normal
FLD-1060,2027-02-20,18:00,Barasat,22.7098,88.4726,16.7,2.49,746.0,47.8,28.8,64.5,3.6,78.3,392,11.7,Low,Normal
FLD-1061,2027-02-21,00:00,Kolkata,22.5721,88.36611,21.2,2.13,778.4,54.7,29.6,78.2,9.0,74.8,214,22.0,Low,Normal
FLD-1062,2027-02-21,06:00,Barrackpore,22.76527,88.3544,22.9,2.52,662.0,59.1,30.9,55.6,19.6,89.7,14,16.4,Low,Normal
FLD-1063,2027-02-21,12:00,Chinsurah,22.90308,88.41175,12.1,2.39,377.3,37.4,22.4,65.6,20.3,85.7,146,4.9,Low,Normal
FLD-1064,2027-02-21,18:00,Barrackpore,22.76978,88.37231,5.0,2.41,425.1,38.5,31.9,82.1,5.0,80.9,489,18.0,Low,Normal
FLD-1065,2027-02-22,00:00,Serampore,22.74665,88.33675,97.6,2.64,2198.6,69.0,31.7,75.4,10.4,80.2,1126,34.0,Moderate,Watch
FLD-1066,2027-02-22,06:00,Hooghly,22.91212,88.39674,1.9,2.2,335.9,41.8,26.5,77.1,5.4,84.4,24,11.9,Low,Normal
FLD-1067,2027-02-22,12:00,Barrackpore,22.77333,88.37872,9.5,2.44,376.2,52.6,33.0,75.6,7.1,82.8,98,15.2,Low,Normal
FLD-1068,2027-02-22,18:00,Chinsurah,22.89749,88.40497,4.2,1.91,366.6,43.2,21.9,70.9,8.9,82.3,178,10.3,Low,Normal
FLD-1069,2027-02-23,00:00,Barrackpore,22.76464,88.36065,10.0,1.94,563.2,38.3,30.1,61.0,6.4,82.1,332,7.1,Low,Normal
FLD-1070,2027-02-23,06:00,Barrackpore,22.76024,88.37589,20.0,2.02,834.0,36.7,29.1,63.9,1.0,80.6,173,12.4,Low,Normal
FLD-1071,2027-02-23,12:00,Barrackpore,22.76377,88.37878,5.1,1.71,415.7,49.4,28.0,62.9,26.3,89.3,262,6.8,Low,Normal
FLD-1072,2027-02-23,18:00,Howrah,22.60233,88.26362,16.0,2.45,743.8,51.8,29.1,76.3,5.9,95.2,289,16.1,Low,Normal
FLD-1073,2027-02-24,00:00,Howrah,22.60711,88.26967,12.0,2.96,660.3,54.2,30.9,77.4,5.5,78.1,57,18.2,Low,Normal
FLD-1074,2027-02-24,06:00,Hooghly,22.91026,88.40405,19.2,2.06,578.6,51.1,23.2,67.0,5.0,83.5,333,11.5,Low,Normal
FLD-1075,2027-02-24,12:00,Kolkata,22.56967,88.35945,22.6,2.14,881.3,23.2,32.2,72.8,2.5,84.1,278,6.5,Low,Normal
FLD-1076,2027-02-24,18:00,Barrackpore,22.75928,88.36409,49.8,2.67,1276.1,58.5,27.7,75.0,26.8,84.3,406,23.6,Low,Normal
FLD-1077,2027-02-25,00:00,Serampore,22.75365,88.34769,15.0,1.64,499.8,37.8,32.2,73.4,9.3,92.0,144,8.1,Low,Normal
FLD-1078,2027-02-25,06:00,Kolkata,22.56199,88.37401,12.0,1.92,742.6,34.3,31.1,67.4,13.2,85.5,396,16.3,Low,Normal
FLD-1079,2027-02-25,12:00,Serampore,22.75474,88.34368,10.3,2.12,522.7,33.1,27.6,84.1,12.1,82.8,121,12.6,Low,Normal
FLD-1080,2027-02-25,18:00,Kolkata,22.57171,88.35862,8.3,1.8,305.7,32.1,28.7,77.2,6.3,90.4,26,3.8,Low,Normal
FLD-1081,2027-02-26,00:00,Hooghly,22.8982,88.40792,21.1,2.7,659.5,51.2,28.9,73.8,9.3,75.4,65,14.0,Low,Normal
FLD-1082,2027-02-26,06:00,Barrackpore,22.75643,88.36381,36.0,2.03,902.1,47.1,34.1,70.5,15.3,70.5,100,17.5,Low,Normal
FLD-1083,2027-02-26,12:00,Barrackpore,22.76908,88.36499,33.1,2.76,878.3,41.0,25.4,68.2,2.8,98.0,413,13.1,Low,Normal
FLD-1084,2027-02-26,18:00,Barasat,22.7178,88.48305,4.6,2.58,388.7,46.1,27.6,75.1,7.0,82.6,387,10.8,Low,Normal
FLD-1085,2027-02-27,00:00,Serampore,22.74578,88.34962,35.5,2.61,963.6,44.4,23.9,70.8,8.0,80.9,93,15.3,Low,Normal
FLD-1086,2027-02-27,06:00,Kolkata,22.55537,88.36902,6.7,2.04,441.9,53.2,29.4,73.3,6.1,90.4,66,9.5,Low,Normal
FLD-1087,2027-02-27,12:00,Kolkata,22.57243,88.36639,16.7,2.31,641.0,58.5,27.0,59.7,6.0,87.9,249,17.0,Low,Normal
FLD-1088,2027-02-27,18:00,Kalyani,22.98563,88.43678,18.9,2.1,749.8,47.3,27.4,69.4,10.6,90.8,141,4.3,Low,Normal
FLD-1089,2027-02-28,00:00,Kalyani,22.98497,88.43426,3.5,1.33,338.7,55.3,33.8,71.4,22.5,93.2,266,12.2,Low,Normal
FLD-1090,2027-02-28,06:00,Howrah,22.59306,88.26695,151.7,3.68,3199.4,85.0,26.4,87.9,12.8,59.6,2471,54.2,Moderate,Watch
FLD-1091,2027-02-28,12:00,Barasat,22.71739,88.46582,37.0,2.49,893.5,53.0,28.5,67.8,4.8,90.8,214,15.2,Low,Normal
FLD-1092,2027-02-28,18:00,Chinsurah,22.89681,88.40622,1.2,1.69,432.6,57.4,27.5,61.7,43.6,90.9,488,11.4,Low,Normal
FLD-1093,2027-03-01,00:00,Kalyani,22.96901,88.43545,64.3,2.71,1671.9,53.5,27.7,79.0,22.7,81.9,495,25.8,Low,Normal
FLD-1094,2027-03-01,06:00,Chinsurah,22.89581,88.40109,1.8,2.19,364.2,31.7,37.9,71.7,6.5,90.3,479,3.6,Low,Normal
FLD-1095,2027-03-01,12:00,Howrah,22.6004,88.26592,18.6,2.3,704.2,37.8,23.4,61.1,22.9,72.2,130,6.8,Low,Normal
FLD-1096,2027-03-01,18:00,Howrah,22.60316,88.26237,3.7,2.42,319.8,41.1,31.1,60.5,10.8,86.3,489,12.3,Low,Normal
FLD-1097,2027-03-02,00:00,Howrah,22.5952,88.27413,20.8,2.38,673.0,52.9,36.8,68.7,3.5,79.5,0,18.8,Low,Normal
FLD-1098,2027-03-02,06:00,Serampore,22.75158,88.34974,32.2,2.55,1085.6,43.3,32.5,73.3,21.0,77.2,8,16.8,Low,Normal
FLD-1099,2027-03-02,12:00,Serampore,22.74753,88.33751,26.4,2.1,900.8,45.6,29.2,83.3,4.9,81.6,367,20.8,Low,Normal
FLD-1100,2027-03-02,18:00,Hooghly,22.89604,88.39509,29.5,1.93,922.4,42.1,25.2,66.2,13.2,89.1,328,12.4,Low,Normal
FLD-1101,2027-03-03,00:00,Hooghly,22.89964,88.39556,12.1,2.02,373.5,42.8,33.2,76.5,10.4,88.2,379,15.2,Low,Normal
FLD-1102,2027-03-03,06:00,Howrah,22.598,88.26089,36.8,2.24,941.3,61.8,32.0,60.5,14.0,85.8,331,13.9,Low,Normal
FLD-1103,2027-03-03,12:00,Barasat,22.72648,88.48217,55.0,2.68,1514.0,58.5,24.1,77.8,28.1,78.2,384,21.5,Low,Normal
FLD-1104,2027-03-03,18:00,Kolkata,22.56778,88.35935,16.1,1.84,680.6,44.2,28.0,83.5,9.2,88.2,143,9.2,Low,Normal
FLD-1105,2027-03-04,00:00,Serampore,22.76176,88.33352,11.0,2.44,601.6,55.7,25.1,73.7,3.5,85.4,349,13.4,Low,Normal
FLD-1106,2027-03-04,06:00,Barasat,22.71937,88.48474,7.6,1.85,504.6,46.7,19.8,67.8,5.4,92.7,327,13.0,Low,Normal
FLD-1107,2027-03-04,12:00,Barrackpore,22.76587,88.37078,25.3,2.21,743.5,51.0,25.1,82.1,3.3,88.9,493,16.6,Low,Normal
FLD-1108,2027-03-04,18:00,Serampore,22.74832,88.33547,30.4,2.4,931.1,59.1,29.3,76.3,2.4,85.0,301,15.8,Low,Normal
FLD-1109,2027-03-05,00:00,Serampore,22.73825,88.34567,11.0,2.54,395.0,44.8,30.9,73.7,19.4,81.8,137,13.5,Low,Normal
FLD-1110,2027-03-05,06:00,Hooghly,22.9063,88.39221,55.5,3.36,1188.5,62.5,28.0,68.2,10.1,82.4,416,26.3,Low,Normal
FLD-1111,2027-03-05,12:00,Kolkata,22.57702,88.36542,23.8,2.96,705.0,55.7,33.4,76.0,8.4,86.4,357,16.5,Low,Normal
FLD-1112,2027-03-05,18:00,Kolkata,22.57091,88.36882,15.9,1.76,656.3,47.2,32.3,68.2,6.6,86.6,296,9.8,Low,Normal
FLD-1113,2027-03-06,00:00,Kalyani,22.9754,88.4338,19.0,2.12,535.9,39.0,28.6,75.3,16.4,82.7,178,10.9,Low,Normal
FLD-1114,2027-03-06,06:00,Chinsurah,22.8971,88.41073,60.1,2.6,1444.4,57.1,28.2,75.9,24.6,76.3,277,22.6,Low,Normal
FLD-1115,2027-03-06,12:00,Chinsurah,22.88462,88.4049,25.1,2.46,701.7,58.0,30.2,81.1,4.7,86.7,143,14.8,Low,Normal
FLD-1116,2027-03-06,18:00,Chinsurah,22.89083,88.40682,6.6,2.2,382.6,52.1,28.9,68.4,12.9,82.0,338,15.0,Low,Normal
FLD-1117,2027-03-07,00:00,Chinsurah,22.89877,88.40676,9.9,1.93,657.7,58.9,24.4,71.5,18.5,85.2,458,14.3,Low,Normal
FLD-1118,2027-03-07,06:00,Barrackpore,22.75847,88.36252,14.2,1.96,608.8,44.4,28.1,78.4,11.1,89.7,189,14.7,Low,Normal
FLD-1119,2027-03-07,12:00,Barrackpore,22.76776,88.36594,49.4,2.31,1148.8,60.3,31.1,73.3,15.6,84.2,436,20.2,Low,Normal
FLD-1120,2027-03-07,18:00,Serampore,22.74466,88.33101,73.4,2.05,1690.0,52.6,33.2,76.3,3.5,71.5,330,20.4,Low,Normal
FLD-1121,2027-03-08,00:00,Howrah,22.5986,88.26065,7.2,1.64,332.6,47.9,32.1,69.6,25.1,88.9,269,5.0,Low,Normal
FLD-1122,2027-03-08,06:00,Hooghly,22.90079,88.39429,19.1,2.56,732.0,56.6,30.1,72.0,16.5,97.7,486,19.8,Low,Normal
FLD-1123,2027-03-08,12:00,Hooghly,22.89131,88.39446,22.8,2.82,871.3,55.9,33.7,78.1,13.8,89.1,186,12.9,Low,Normal
FLD-1124,2027-03-08,18:00,Chinsurah,22.90099,88.40655,33.9,2.92,1026.3,52.5,30.4,86.9,17.6,81.9,153,28.4,Low,Normal
FLD-1125,2027-03-09,00:00,Serampore,22.74839,88.33993,14.7,2.51,830.7,46.1,28.7,61.1,7.4,93.9,171,8.7,Low,Normal
FLD-1126,2027-03-09,06:00,Kalyani,22.97014,88.43688,8.2,1.76,303.6,39.7,33.7,63.6,4.0,98.0,403,8.4,Low,Normal
FLD-1127,2027-03-09,12:00,Barasat,22.7222,88.48625,58.1,2.36,1408.7,55.0,31.3,74.5,3.3,85.6,467,18.5,Low,Normal
FLD-1128,2027-03-09,18:00,Howrah,22.60269,88.2597,19.1,1.62,560.0,39.7,33.2,73.5,2.9,75.1,246,7.4,Low,Normal
FLD-1129,2027-03-10,00:00,Serampore,22.74671,88.33308,7.2,1.89,463.0,44.0,25.2,70.9,12.7,90.8,388,0.2,Low,Normal
FLD-1130,2027-03-10,06:00,Howrah,22.59617,88.25735,14.6,2.23,613.3,35.3,26.2,69.0,6.8,94.2,448,17.1,Low,Normal
FLD-1131,2027-03-10,12:00,Howrah,22.59837,88.26068,153.5,3.69,3340.4,66.5,26.4,72.6,24.1,55.7,2041,54.2,Moderate,Watch
FLD-1132,2027-03-10,18:00,Howrah,22.59996,88.26149,35.3,2.62,979.1,58.0,29.6,69.8,20.9,89.0,46,22.2,Low,Normal
FLD-1133,2027-03-11,00:00,Serampore,22.75386,88.33568,22.7,2.53,749.9,54.7,34.8,79.1,16.4,83.8,265,15.8,Low,Normal
FLD-1134,2027-03-11,06:00,Chinsurah,22.8918,88.40022,44.2,2.42,1245.6,51.8,25.4,75.3,14.1,90.2,316,16.2,Low,Normal
FLD-1135,2027-03-11,12:00,Hooghly,22.89603,88.39326,30.4,1.94,892.8,51.5,31.9,78.6,5.4,83.6,110,18.5,Low,Normal
FLD-1136,2027-03-11,18:00,Hooghly,22.90152,88.39709,47.7,3.12,1391.4,55.9,25.2,66.4,6.2,83.9,475,20.3,Low,Normal
FLD-1137,2027-03-12,00:00,Chinsurah,22.88757,88.41157,14.4,2.2,675.5,51.1,35.8,83.0,5.4,88.3,300,13.4,Low,Normal
FLD-1138,2027-03-12,06:00,Howrah,22.57827,88.26026,8.0,2.79,576.7,49.1,23.9,68.5,3.9,91.2,302,9.3,Low,Normal
FLD-1139,2027-03-12,12:00,Barasat,22.72362,88.47852,7.9,2.14,306.1,37.2,31.4,75.8,8.6,89.7,417,9.3,Low,Normal
FLD-1140,2027-03-12,18:00,Kolkata,22.57802,88.35834,55.6,2.8,1549.4,39.0,31.8,74.5,18.3,75.4,373,16.0,Low,Normal
FLD-1141,2027-03-13,00:00,Serampore,22.73862,88.34011,29.5,2.06,814.8,43.8,31.0,70.0,8.2,82.6,396,7.9,Low,Normal
FLD-1142,2027-03-13,06:00,Kolkata,22.56654,88.35881,2.3,1.88,389.7,44.4,26.2,75.2,5.2,87.7,491,4.9,Low,Normal
FLD-1143,2027-03-13,12:00,Kalyani,22.97871,88.43744,6.4,1.54,400.7,53.0,25.6,76.6,8.2,94.5,472,10.2,Low,Normal
FLD-1144,2027-03-13,18:00,Chinsurah,22.90634,88.39728,5.3,1.6,342.2,47.7,33.1,91.1,10.5,90.2,278,6.4,Low,Normal
FLD-1145,2027-03-14,00:00,Barasat,22.72112,88.47884,153.6,4.31,2994.8,79.5,32.4,85.7,6.4,64.1,148,60.4,High,Watch
FLD-1146,2027-03-14,06:00,Serampore,22.74843,88.34211,10.7,2.04,552.5,40.9,32.3,77.0,8.7,81.1,446,16.9,Low,Normal
FLD-1147,2027-03-14,12:00,Chinsurah,22.8929,88.4091,40.1,2.39,874.7,52.5,32.7,82.4,43.1,86.7,251,17.8,Low,Normal
FLD-1148,2027-03-14,18:00,Howrah,22.60405,88.27976,11.5,1.89,533.0,47.8,24.1,76.4,2.8,83.7,75,5.0,Low,Normal
FLD-1149,2027-03-15,00:00,Hooghly,22.89712,88.3981,51.9,2.56,1390.2,50.1,24.0,74.8,1.3,85.8,174,26.0,Low,Normal
FLD-1150,2027-03-15,06:00,Kolkata,22.5678,88.35788,14.0,2.58,666.0,40.3,26.9,75.1,10.0,85.8,108,7.8,Low,Normal
FLD-1151,2027-03-15,12:00,Barrackpore,22.7631,88.36643,59.4,2.84,1462.2,55.3,27.5,81.5,12.3,89.0,449,22.2,Low,Normal
FLD-1152,2027-03-15,18:00,Barrackpore,22.76028,88.35634,12.8,1.76,490.3,52.2,27.1,82.5,8.3,81.9,339,4.8,Low,Normal
FLD-1153,2027-03-16,00:00,Barasat,22.72174,88.48052,13.0,2.53,424.9,41.3,29.9,62.2,4.2,94.9,335,14.8,Low,Normal
FLD-1154,2027-03-16,06:00,Howrah,22.60555,88.2586,29.0,2.99,976.6,49.3,32.6,60.5,23.8,90.1,13,21.0,Low,Normal
FLD-1155,2027-03-16,12:00,Kalyani,22.97694,88.43949,26.2,2.52,776.0,59.7,28.1,83.0,9.6,82.0,180,26.0,Low,Normal
FLD-1156,2027-03-16,18:00,Kolkata,22.57109,88.3606,4.4,2.37,421.5,42.3,26.4,66.7,10.4,82.2,321,9.1,Low,Normal
FLD-1157,2027-03-17,00:00,Howrah,22.59405,88.2629,16.0,2.64,618.2,48.3,31.6,61.4,16.2,97.5,432,10.0,Low,Normal
FLD-1158,2027-03-17,06:00,Kolkata,22.56322,88.36009,10.6,1.56,608.0,46.4,28.1,60.4,8.1,81.2,271,5.9,Low,Normal
FLD-1159,2027-03-17,12:00,Barasat,22.7263,88.49143,62.8,3.49,1664.2,56.2,29.3,88.4,7.5,81.7,451,26.5,Low,Normal
FLD-1160,2027-03-17,18:00,Barasat,22.72053,88.47907,15.9,2.6,783.1,59.9,27.9,79.1,23.8,88.0,42,23.6,Low,Normal
FLD-1161,2027-03-18,00:00,Kalyani,22.97392,88.445,11.9,2.33,330.9,49.5,30.1,67.1,2.0,86.5,460,25.4,Low,Normal
FLD-1162,2027-03-18,06:00,Barrackpore,22.78516,88.37188,17.2,2.19,629.3,37.5,25.8,67.8,11.9,90.4,101,7.6,Low,Normal
FLD-1163,2027-03-18,12:00,Howrah,22.59759,88.26649,6.2,1.61,326.5,56.9,31.3,72.8,11.2,81.6,112,11.8,Low,Normal
FLD-1164,2027-03-18,18:00,Serampore,22.74829,88.34251,3.4,1.93,505.7,47.6,28.9,78.2,6.8,98.0,192,8.2,Low,Normal
FLD-1165,2027-03-19,00:00,Barrackpore,22.76344,88.36936,51.4,2.84,1274.9,52.7,26.6,73.0,8.4,76.4,8,26.2,Low,Normal
FLD-1166,2027-03-19,06:00,Howrah,22.60269,88.25203,33.0,2.05,1004.7,61.0,30.7,68.5,22.4,82.8,148,21.6,Low,Normal
FLD-1167,2027-03-19,12:00,Barrackpore,22.76668,88.36533,28.5,2.36,824.1,45.3,26.6,81.7,4.8,75.7,337,12.7,Low,Normal
FLD-1168,2027-03-19,18:00,Serampore,22.74417,88.34537,15.4,1.79,523.3,60.1,26.7,72.7,15.5,92.3,490,9.7,Low,Normal
FLD-1169,2027-03-20,00:00,Hooghly,22.90652,88.39571,38.6,2.38,958.4,53.4,25.2,73.0,9.4,94.3,223,22.5,Low,Normal
FLD-1170,2027-03-20,06:00,Hooghly,22.89699,88.38757,8.9,1.65,356.9,53.8,23.5,76.7,14.4,98.0,109,10.3,Low,Normal
FLD-1171,2027-03-20,12:00,Kalyani,22.98624,88.43369,7.5,1.59,359.2,68.0,30.7,57.5,12.5,93.8,353,10.2,Low,Normal
FLD-1172,2027-03-20,18:00,Hooghly,22.90748,88.40622,14.1,2.31,455.6,49.1,32.7,76.2,1.2,83.9,83,15.4,Low,Normal
FLD-1173,2027-03-21,00:00,Hooghly,22.89832,88.40348,32.5,2.23,830.6,50.8,27.6,76.8,4.7,83.8,42,19.1,Low,Normal
FLD-1174,2027-03-21,06:00,Chinsurah,22.90169,88.40763,8.3,1.94,389.6,39.2,26.4,62.8,5.4,85.0,65,12.4,Low,Normal
FLD-1175,2027-03-21,12:00,Kolkata,22.57301,88.36961,32.5,2.21,974.2,50.7,23.2,60.4,4.2,76.5,387,19.4,Low,Normal
FLD-1176,2027-03-21,18:00,Chinsurah,22.89912,88.4058,3.6,3.0,450.9,38.5,22.0,68.3,5.9,85.8,378,13.2,Low,Normal
FLD-1177,2027-03-22,00:00,Chinsurah,22.89691,88.39778,17.9,2.45,711.5,47.3,31.3,74.4,10.3,91.1,108,15.7,Low,Normal
FLD-1178,2027-03-22,06:00,Kalyani,22.96992,88.42845,20.7,2.53,840.5,69.4,22.7,75.2,17.3,80.1,101,19.9,Low,Normal
FLD-1179,2027-03-22,12:00,Chinsurah,22.89014,88.41738,9.7,1.86,517.2,47.8,25.3,84.5,3.1,73.0,134,9.2,Low,Normal
FLD-1180,2027-03-22,18:00,Hooghly,22.90718,88.39436,5.8,2.25,376.4,42.3,29.9,73.6,9.5,79.7,85,10.8,Low,Normal
FLD-1181,2027-03-23,00:00,Serampore,22.75079,88.33884,77.3,2.95,1963.2,59.0,29.3,66.8,11.5,82.9,83,29.7,Low,Normal
FLD-1182,2027-03-23,06:00,Kalyani,22.97258,88.4322,15.5,1.93,719.4,45.2,30.0,71.2,19.5,75.7,441,5.4,Low,Normal
FLD-1183,2027-03-23,12:00,Kalyani,22.96927,88.44542,71.2,3.62,1647.3,66.6,29.0,67.2,25.5,75.9,1968,37.1,Moderate,Watch
FLD-1184,2027-03-23,18:00,Barasat,22.72354,88.49076,32.8,2.64,948.5,50.9,27.9,72.7,8.1,81.4,259,23.0,Low,Normal
FLD-1185,2027-03-24,00:00,Kalyani,22.98738,88.44731,33.0,2.62,972.4,62.9,25.4,83.8,4.3,85.3,379,23.9,Low,Normal
FLD-1186,2027-03-24,06:00,Barasat,22.71459,88.48005,0.8,1.67,344.8,43.0,27.0,75.3,12.0,89.3,19,10.0,Low,Normal
FLD-1187,2027-03-24,12:00,Kalyani,22.97515,88.43577,8.4,1.67,514.3,44.9,28.1,67.5,4.5,89.3,34,6.8,Low,Normal
FLD-1188,2027-03-24,18:00,Kolkata,22.58107,88.3548,5.2,2.05,493.0,39.8,23.0,76.5,11.3,86.4,352,7.3,Low,Normal
FLD-1189,2027-03-25,00:00,Hooghly,22.90052,88.40486,1.7,1.82,308.8,42.7,26.5,66.7,5.2,82.1,242,11.0,Low,Normal
FLD-1190,2027-03-25,06:00,Kalyani,22.97771,88.42699,87.2,3.38,1756.7,50.3,27.8,57.9,13.3,82.1,442,26.6,Low,Normal
FLD-1191,2027-03-25,12:00,Hooghly,22.89463,88.3973,26.7,2.59,622.4,35.4,26.8,65.0,5.4,74.0,468,10.5,Low,Normal
FLD-1192,2027-03-25,18:00,Hooghly,22.90357,88.38942,6.4,2.11,553.3,50.6,27.9,75.6,24.0,91.9,428,12.9,Low,Normal
FLD-1193,2027-03-26,00:00,Barrackpore,22.76488,88.36347,1.9,2.31,225.7,33.2,31.1,77.5,9.4,94.6,269,10.0,Low,Normal
FLD-1194,2027-03-26,06:00,Kalyani,22.98091,88.42898,6.9,2.16,520.0,49.2,31.5,84.4,2.3,98.0,222,15.0,Low,Normal
FLD-1195,2027-03-26,12:00,Howrah,22.60292,88.25995,88.1,2.87,1819.7,59.1,33.8,79.7,17.6,72.0,405,25.8,Low,Normal
FLD-1196,2027-03-26,18:00,Barrackpore,22.78154,88.36377,12.5,2.1,460.5,54.1,24.2,82.2,8.1,83.0,303,13.1,Low,Normal
FLD-1197,2027-03-27,00:00,Howrah,22.59928,88.26031,15.1,2.25,550.4,36.0,27.7,77.3,14.0,86.4,157,6.8,Low,Normal
FLD-1198,2027-03-27,06:00,Hooghly,22.90295,88.401,20.4,2.6,736.8,53.3,32.9,79.8,17.8,85.2,284,20.9,Low,Normal
FLD-1199,2027-03-27,12:00,Hooghly,22.90217,88.38937,14.8,2.28,488.2,50.3,23.4,80.6,9.8,91.1,35,18.6,Low,Normal
FLD-1200,2027-03-27,18:00,Barrackpore,22.76388,88.36832,27.7,2.17,787.0,53.1,25.2,77.1,2.9,87.5,496,17.7,Low,Normal
